Species,Genus,Family,Marine,Brackish,Freshwater,EggColour,EggColourCategory,Pigment,AdultColour,Match,Development,DevelopmentScore,DevelopmentScore2,MinDepth,MaxDepth,AverageDepth,MeanSurfaceTemp,MeanSurfaceOxygen,MeanSurfaceChlorophyll,Longitude,Latitude ,PositiveLatitude,PostCare,PC1,PC2,MatingSystem,ParentalCare,ParentalCare2,Transparent
Apogon_retrosella,Apogon,Apogonidae,M,NA,NA,bright orange,Yellow-Orange-Amber,Carotenoid,Black-Orange,Yes,NA,NA,NA,NA,NA,NA,25.81741172,211.5282019,0.212906798,-108.5019006,23.35632519,23.35632519,2,20.72083812,0.518038638,NA,NA,NA,0
Ariopsis_felis,Ariopsis,Ariidae,M,B,NA,greenish,Green,Green,Grey,No,Demersal,1,0,NA,NA,NA,24.8141947,213.9726017,0.20851891,-87.10717485,27.45461376,27.45461376,2,18.13251154,-0.013092482,NA,Paternal,Monoparental,0
Neoarius_graeffei,Neoarius,Ariidae,M,B,F,transparent,Transparent,None,Blue-Grey,No,NA,NA,NA,NA,NA,NA,NA,NA,NA,NA,NA,NA,0,NA,NA,NA,None,None,1
Sciades_herzbergii,Sciades,Ariidae,M,B,F,yellow; orange; amber,Yellow-Orange-Amber,Carotenoid,Grey,No,NA,NA,NA,NA,NA,NA,27.6508827,205.1082499,0.2768262,-49.55081273,0.569173146,0.569173146,2,27.36976741,1.125606577,NA,Paternal,Monoparental,0
Atherinops_affinis,Atherinops,Atherinopsidae,M,B,NA,yellow,Yellow-Orange-Amber,Carotenoid,Grey*,No,Demersal,1,0,NA,NA,NA,13.01784633,272.7853298,0.912138797,-126.3749548,46.90905394,46.90905394,0,-41.84802034,-0.666251511,NA,NA,NA,0
Atherinopsis_californiensis,Atherinopsis,Atherinopsidae,M,NA,NA,yellow,Yellow-Orange-Amber,Carotenoid,Grey-Yellow,Yes,Demersal,1,0,NA,NA,NA,18.73177888,239.2206775,0.559124104,-116.6727706,30.77383607,30.77383607,0,-7.806269213,-1.29401675,NA,NA,NA,0
Belone_belone,Belone,Belonidae,M,B,NA,transparent,Transparent,None,Blue-Green-Grey,No,Demersal,1,0,NA,NA,NA,16.04575432,260.8845138,0.312515178,10.01561517,47.99891828,47.99891828,0,-29.59170895,0.095640338,NA,None,None,1
Catostomus_catostomus,Catostomus,Catostomidae,NA,B,F,yellow; orange; amber,Yellow-Orange-Amber,Carotenoid,Orange,Yes,NA,NA,NA,NA,NA,NA,NA,NA,NA,NA,NA,NA,0,NA,NA,NA,None,None,0
Sarotherodon_melanotheron,Sarotherodon,Cichlidae,M,B,F,yellow; orange; amber,Yellow-Orange-Amber,Carotenoid,Grey-Yellow*,Yes,NA,NA,NA,NA,NA,NA,NA,NA,NA,NA,NA,NA,2,NA,NA,NA,Paternal,Monoparental,0
Harengula_jaguana,Harengula,Clupeidae,M,B,NA,clear,Transparent,None,Black-Grey,No,NA,NA,NA,NA,NA,NA,26.37889908,208.040424,0.20519133,-71.28651213,13.79480069,13.79480069,0,24.25219301,0.421108798,NA,None,None,1
Clinocottus_recalvus,Clinocottus,Cottidae,M,NA,NA,pale pink,Pink,Carotenoid,Black-White*,Yes,NA,NA,NA,NA,NA,NA,8.241061697,303.7212971,1.148014282,NA,NA,NA,0,-73.13266134,0.393456762,NA,NA,NA,0
Abramis_brama,Abramis,Cyprinidae,NA,B,F,yellow; orange; amber,Yellow-Orange-Amber,Carotenoid,Grey-Yellow,Yes,NA,NA,NA,NA,NA,NA,NA,NA,NA,NA,NA,NA,0,NA,NA,NA,None,None,0
Blicca_bjoerkna,Blicca,Cyprinidae,NA,B,F,yellow; orange; amber,Yellow-Orange-Amber,Carotenoid,Grey-Orange,Yes,Demersal,1,0,NA,NA,NA,NA,NA,NA,NA,NA,NA,0,NA,NA,NA,None,None,0
Carassius_carassius,Carassius,Cyprinidae,NA,B,F,transparent,Transparent,None,Green-Grey,No,NA,NA,NA,NA,NA,NA,NA,NA,NA,NA,NA,NA,0,NA,NA,Polygamy,None,None,1
Leuciscus_idus,Leuciscus,Cyprinidae,NA,B,F,yellow; orange; amber,Yellow-Orange-Amber,Carotenoid,Grey-Orange,Yes,NA,NA,NA,NA,NA,NA,NA,NA,NA,NA,NA,NA,0,NA,NA,NA,None,None,0
Rutilus_rutilus,Rutilus,Cyprinidae,NA,B,F,yellow; orange; amber,Yellow-Orange-Amber,Carotenoid,Grey-Orange,Yes,NA,NA,NA,NA,NA,NA,NA,NA,NA,NA,NA,NA,0,NA,NA,NA,None,None,0
Scardinius_erythrophthalmus,Scardinius,Cyprinidae,NA,B,F,transparent,Transparent,None,Grey-Orange,No,NA,NA,NA,NA,NA,NA,NA,NA,NA,NA,NA,NA,0,NA,NA,NA,None,None,1
Remora_osteochir,Remora,Echeneidae,M,NA,NA,transparent,Transparent,None,Grey,No,Pelagic,2,2,NA,NA,NA,25.12153145,212.432571,0.135254399,-32.37706394,81.19114199,81.19114199,0,19.70283247,0.002483294,Monogamy,None,None,1
Anchoa_mitchilli,Anchoa,Engraulidae,M,B,F,transparent,Transparent,None,Green-Grey,No,NA,NA,NA,1,70,35.5,23.53622905,229.8518049,0.397855995,-87.60953167,31.84917634,31.84917634,0,2.292651163,1.68429191,NA,None,None,1
Hirundichthys_speculiger,Hirundichthys,Exocoetidae,M,NA,NA,yellow,Yellow-Orange-Amber,Carotenoid,Blue*-Grey,No,NA,NA,NA,NA,NA,NA,26.01826153,208.7511668,0.110738982,-136.7672045,0.100626121,0.100626121,0,23.48678104,0.198939307,NA,None,None,0
Hyporhamphus_unifasciatus,Hyporhamphus,Hemiramphidae,M,B,NA,yellow; orange; amber,Yellow-Orange-Amber,Carotenoid,Grey,No,Pelagic,2,2,0,5,2.5,26.70421717,207.2959042,0.194420272,-68.06521666,10.29601111,10.29601111,0,25.04422439,0.602293451,NA,NA,NA,0
Blepsias_cirrhosus,Blepsias,Hemitripteridae,M,NA,NA,"envelope clear, light brown (Moser 1996)",Black-Brown-Grey,Melanin,Brown-White,Yes,Demersal,1,0,0,150,75,7.530980359,308.056372,1.011805484,NA,NA,NA,1,-77.52416652,0.501956664,NA,NA,NA,0
Oxymonacanthus_longirostris,Oxymonacanthus,Monacanthidae,M,NA,NA,transparent,Transparent,None,Blue-Yellow,No,NA,NA,NA,1,35,18,28.1267529,201.8730601,0.126944955,131.1915635,-1.704100159,1.704100159,0,30.63701827,0.991526958,NA,Paternal,Monoparental,1
Psenes_sio,Psenes,Nomeidae,M,NA,NA,Chorion pinkish straw color;,Pink,Carotenoid,Blue-Grey*,No,NA,NA,NA,NA,NA,NA,25.25231282,210.1159089,0.521708276,-88.41445505,6.236860447,6.236860447,0,22.00340277,-0.299846565,NA,NA,NA,0
Hypomesus_pretiosus,Hypomesus,Osmeridae,M,B,NA,yellow; orange; amber,Yellow-Orange-Amber,Carotenoid,Brown-Green,No,Demersal,1,0,NA,NA,NA,NA,NA,NA,NA,NA,NA,0,NA,NA,NA,None,None,0
Citharichthys_arctifrons,Citharichthys,Paralichthyidae,M,NA,NA,transparent ,Transparent,None,Brown,No,Pelagic,2,2,46,366,206,21.1291912,228.9726148,0.4415895,-76.16667296,34.78201881,34.78201881,0,2.708867167,-0.844259193,NA,None,None,1
Perca_fluviatilis,Perca,Percidae,NA,B,F,white,White,Guanine,Green-Red,No,Demersal,1,0,1,30,15.5,13.00615077,268.366711,0.405478097,NA,NA,NA,0,-37.50865756,-1.499473874,Polygamy,None,None,0
Lepidopsetta_bilineata,Lepidopsetta,Pleuronectidae,M,NA,NA,bright yellow or orange,Yellow-Orange-Amber,Carotenoid,Brown-Grey,No,NA,NA,NA,0,575,287.5,NA,NA,NA,NA,NA,NA,0,NA,NA,NA,None,None,0
Regalecus_glesne,Regalecus,Regalecidae,M,NA,NA,"red, pink",Variety,Carotenoid,Blue-Grey-Red,Yes,NA,NA,NA,20,0,10,21.01504606,230.279976,0.22052532,-14.02066127,30.11599873,30.11599873,0,1.403084767,-0.71328307,NA,None,None,0
Cynoscion_nothus,Cynoscion,Sciaenidae,M,B,NA,transparent,Transparent,None,Black-Grey-White,No,NA,NA,NA,2,18,10,24.16147575,216.430304,0.305064044,-92.24406177,25.99391854,25.99391854,0,15.59629666,-0.197365961,NA,None,None,1
Larimus_fasciatus,Larimus,Sciaenidae,M,B,NA,transparent,Transparent,None,Grey,No,NA,NA,NA,NA,NA,NA,23.04594598,220.6087729,0.332615579,-84.53909402,30.15694237,30.15694237,0,11.28326429,-0.516365638,NA,None,None,1
Menticirrhus_saxatilis,Menticirrhus,Sciaenidae,M,B,NA,"almost colourless, faint yellowish tint",Yellow-Orange-Amber,Carotenoid,Grey,No,NA,NA,NA,NA,NA,NA,23.54392804,218.6319663,0.303129671,-84.47144256,29.51297396,29.51297396,0,13.31819607,-0.394697523,NA,NA,NA,0
Pareques_iwamotoi,Pareques,Sciaenidae,M,NA,NA,transparent,Transparent,None,Grey,No,Pelagic,2,2,37,184,110.5,26.31079381,208.0055108,0.177692798,-87.71879043,26.39255699,26.39255699,0,24.27383162,0.347698786,NA,None,None,1
Auxis_thazard_brachydorax,Auxis,Scombridae,M,NA,NA,transparent,Transparent,None,Grey,No,NA,NA,NA,NA,NA,NA,24.80243648,214.8771681,0.251230795,121.6014758,-2.745139841,2.745139841,0,17.24153825,0.143576687,NA,None,None,1
Corythoichthys_haematopterus,Corythoichthys,Syngnathidae,M,NA,NA,yellow; orange; amber,Yellow-Orange-Amber,Carotenoid,Green-Yellow,Yes,Benthic,0,1,0,21,10.5,28.27739442,201.6952553,0.15433218,126.9011637,0.344585252,0.344585252,2,30.83973615,1.106474228,Monogamy,Paternal,Monoparental,0
Hippocampus_capensis,Hippocampus,Syngnathidae,M,B,NA,yellow; orange; amber,Yellow-Orange-Amber,Carotenoid,Brown-Green,No,Benthic,0,1,0,20,10,18.57356944,234.5595099,0.754268826,22.5,-34.50149948,34.50149948,2,-3.255835988,-2.316303934,NA,Paternal,Monoparental,0
Hippocampus_ingens,Hippocampus,Syngnathidae,M,NA,NA,yellow; orange; amber,Yellow-Orange-Amber,Carotenoid,Red-Yellow,Yes,Benthic,0,1,0,60,30,23.99518847,216.2202247,0.487758466,-96.12389682,13.39230906,13.39230906,2,15.77178676,-0.399820889,NA,Paternal,Monoparental,0
Hippocampus_trimaculatus,Hippocampus,Syngnathidae,M,NA,NA,yellow; orange; amber,Yellow-Orange-Amber,Carotenoid,Black-Orange,Yes,Benthic,0,1,0,100,50,25.46150304,215.2923426,0.269446885,121.3510492,12.14219101,12.14219101,2,16.95617295,0.868356131,NA,Paternal,Monoparental,0
Microphis_leiaspis,Microphis,Syngnathidae,NA,B,F,yellow; orange; amber,Yellow-Orange-Amber,Carotenoid,Yellow,Yes,NA,NA,NA,NA,NA,NA,28.2271557,201.6010394,0.193605845,130.8799939,-5.079555912,5.079555912,2,30.92296559,1.039590565,NA,Paternal,Monoparental,0
Syngnathus_abaster,Syngnathus,Syngnathidae,M,B,F,yellow; orange; amber,Yellow-Orange-Amber,Carotenoid,Black,No,NA,NA,NA,0,5,2.5,19.03063248,238.8845004,0.201170099,26.51216242,42.86698159,42.86698159,2,-7.420378761,-1.062895405,NA,Paternal,Monoparental,0
Syngnathus_fuscus,Syngnathus,Syngnathidae,M,B,F,yellow; orange; amber,Yellow-Orange-Amber,Carotenoid,Brown,No,NA,NA,NA,5,366,185.5,NA,NA,NA,NA,NA,NA,2,NA,NA,NA,Paternal,Monoparental,0
Desmodema_polystictum,Desmodema,Trachipteridae,M,NA,NA,pink,Pink,Carotenoid,Grey-Pink*,Yes,NA,NA,NA,0,500,250,25.54770843,211.9680925,0.228832204,115.3774645,-5.770083326,5.770083326,0,20.23846449,0.334846695,NA,NA,NA,0
Zu_cristatus,Zu,Trachipteridae,M,NA,NA,"amber, red",Variety,Carotenoid,Grey,No,Pelagic,2,2,NA,NA,NA,22.19688756,225.1361424,0.19305362,19.68717222,-6.770977618,6.770977618,0,6.676973442,-0.508657381,NA,None,None,0
Lycodapus_mandibularis,Lycodapus,Zoarcidae,M,NA,NA,transparent,Transparent,None,Brown,No,NA,NA,NA,100,1370,735,NA,NA,NA,NA,NA,NA,1,NA,NA,NA,NA,NA,1
Zoarces_americanus,Zoarces,Zoarcidae,M,B,NA,yellow,Yellow-Orange-Amber,Carotenoid,Brown-Yellow,Yes,Benthic,0,1,0,388,194,NA,NA,NA,NA,NA,NA,1,NA,NA,Monogamy,Maternal,Monoparental,0
Oryzias_latipes,Oryzias,Adrianichthyidae,NA,B,F,transparent,Transparent,None,Grey,No,NA,NA,NA,NA,NA,NA,NA,NA,NA,NA,NA,NA,NA,NA,NA,NA,NA,NA,1
Brycinus_longipinnis,Brycinus,Alestidae,NA,B,F,yellow; orange; amber,Yellow-Orange-Amber,Carotenoid,Green*,No,NA,NA,NA,NA,NA,NA,NA,NA,NA,NA,NA,NA,NA,NA,NA,NA,NA,NA,0
Oreochromis_aureus,Oreochromis,Cichlidae,NA,B,F,yellow; orange; amber,Yellow-Orange-Amber,Carotenoid,Grey,No,NA,NA,NA,NA,NA,NA,NA,NA,NA,NA,NA,NA,NA,NA,NA,Polygamy,Maternal,Monoparental,0
Oreochromis_spilurus,Oreochromis,Cichlidae,NA,B,F,yellow; orange; amber,Yellow-Orange-Amber,Carotenoid,Yellow,Yes,NA,NA,NA,NA,NA,NA,NA,NA,NA,NA,NA,NA,NA,NA,NA,NA,Maternal,Monoparental,0
Sarotherodon_galilaeus,Sarotherodon,Cichlidae,NA,B,F,yellow; orange; amber,Yellow-Orange-Amber,Carotenoid,Grey-Yellow,Yes,NA,NA,NA,NA,NA,NA,NA,NA,NA,NA,NA,NA,NA,NA,NA,NA,Biparental,Biparental,0
Pelmatolapia_mariae,Pelmatolapia,Cichlidae,NA,B,F,olive-green,Green,Green,Black-Yellow,No,NA,NA,NA,NA,NA,NA,NA,NA,NA,NA,NA,NA,NA,NA,NA,NA,Biparental,Biparental,0
Tilapia_zillii,Coptodon,Cichlidae,NA,B,F,green,Green,Green,Blue-Brown-Green,Yes,NA,NA,NA,NA,NA,NA,24.61109428,218.0078775,0.705033626,NA,NA,NA,NA,14.12985887,0.537790605,NA,NA,NA,0
Coptodon_rendalli,Coptodon,Cichlidae,NA,B,F,yellow; orange; amber,Yellow-Orange-Amber,Carotenoid,Brown-Green,No,NA,NA,NA,NA,NA,NA,NA,NA,NA,NA,NA,NA,NA,NA,NA,NA,NA,NA,0
Nematalosa_erebi,Nematalosa,Clupeidae,NA,B,F,transparent,Transparent,None,Grey,No,NA,NA,NA,NA,NA,NA,NA,NA,NA,NA,NA,NA,NA,NA,NA,NA,None,None,1
Alosa_pseudoharengus,Alosa,Clupeidae,M,B,F,yellow,Yellow-Orange-Amber,Carotenoid,Grey,No,NA,NA,NA,NA,NA,NA,NA,NA,NA,NA,NA,NA,NA,NA,NA,NA,None,None,0
Cottus_asper,Cottus,Cottidae,M,B,F,yellow; orange; amber,Yellow-Orange-Amber,Carotenoid,Brown-Grey,No,NA,NA,NA,NA,NA,NA,NA,NA,NA,NA,NA,NA,NA,NA,NA,Polygamy,Paternal,Monoparental,0
Cottus_aleuticus,Cottus,Cottidae,M,B,F,yellow; orange; amber,Yellow-Orange-Amber,Carotenoid,Brown-Grey,No,NA,NA,NA,NA,NA,NA,NA,NA,NA,NA,NA,NA,NA,NA,NA,NA,NA,NA,0
Cottus_cognatus,Cottus,Cottidae,NA,B,F,yellow; orange; amber,Yellow-Orange-Amber,Carotenoid,Brown,No,NA,NA,NA,NA,NA,NA,NA,NA,NA,NA,NA,NA,NA,NA,NA,NA,NA,NA,0
Leuciscus_leuciscus,Leuciscus,Cyprinidae,NA,B,F,yellow; orange; amber,Yellow-Orange-Amber,Carotenoid,Grey-Yellow,Yes,NA,NA,NA,NA,NA,NA,NA,NA,NA,NA,NA,NA,NA,NA,NA,NA,None,None,0
Tinca_tinca,Tinca,Cyprinidae,NA,B,F,yellow; orange; amber,Yellow-Orange-Amber,Carotenoid,Yellow*,Yes,NA,NA,NA,NA,NA,NA,NA,NA,NA,NA,NA,NA,NA,NA,NA,NA,None,None,0
Squalius_cephalus,Squalius,Cyprinidae,NA,B,F,yellow,Yellow-Orange-Amber,Carotenoid,Brown-Green,No,Demersal,1,0,NA,NA,NA,NA,NA,NA,NA,NA,NA,NA,NA,NA,NA,None,None,0
Cyprinus_carpio,Cyprinus,Cyprinidae,NA,B,F,yellow; orange; amber,Yellow-Orange-Amber,Carotenoid,Brown,No,NA,NA,NA,NA,NA,NA,NA,NA,NA,NA,NA,NA,NA,NA,NA,NA,None,None,0
Alburnus_alburnus,Alburnus,Cyprinidae,NA,B,F,yellow; orange; amber,Yellow-Orange-Amber,Carotenoid,Brown-Grey,No,NA,NA,NA,NA,NA,NA,NA,NA,NA,NA,NA,NA,NA,NA,NA,NA,None,None,0
Gobio_gobio,Gobio,Cyprinidae,NA,B,F,yellow; orange; amber,Yellow-Orange-Amber,Carotenoid,Brown-Grey,No,NA,NA,NA,NA,NA,NA,NA,NA,NA,NA,NA,NA,NA,NA,NA,NA,None,None,0
Hypseleotris_compressa,Hypseleotris,Eleotridae,NA,B,F,transparent,Transparent,None,Black-Blue-Orange,No,Pelagic,2,2,NA,NA,NA,NA,NA,NA,NA,NA,NA,NA,NA,NA,NA,Paternal,Monoparental,1
Culaea_inconstans,Culaea,Gasterosteidae,NA,B,F,yellow; orange; amber,Yellow-Orange-Amber,Carotenoid,Brown-Grey,No,NA,NA,NA,NA,NA,NA,NA,NA,NA,NA,NA,NA,NA,NA,NA,Polygamy,Paternal,Monoparental,0
Lota_lota,Lota,Lotidae,NA,B,F,yellow; orange; amber,Yellow-Orange-Amber,Carotenoid,Tan-Yellow,Yes,Demersal,1,0,NA,NA,NA,NA,NA,NA,NA,NA,NA,NA,NA,NA,NA,None,None,0
Macrognathus_aral,Macrognathus,Mastacembelidae,NA,B,F,green,Green,Green,Grey,No,Demersal,1,0,NA,NA,NA,NA,NA,NA,NA,NA,NA,NA,NA,NA,NA,None,None,0
Nandus_nandus,Nandus,Nandidae,NA,B,F,translucent,Transparent,None,Brown-Green,No,NA,NA,NA,NA,NA,NA,NA,NA,NA,NA,NA,NA,NA,NA,NA,NA,None,None,1
Thaleichthys_pacificus,Thaleichthys,Osmeridae,M,B,F,transparent,Transparent,None,Brown-Grey,No,NA,NA,NA,NA,NA,NA,NA,NA,NA,NA,NA,NA,NA,NA,NA,NA,None,None,1
Osmerus_eperlanus,Osmerus,Osmeridae,M,B,F,yellow,Yellow-Orange-Amber,Carotenoid,Grey,No,Demersal,1,0,NA,NA,NA,NA,NA,NA,NA,NA,NA,NA,NA,NA,NA,None,None,0
Macquaria_novemaculeata,Macquaria,Percichthyidae,NA,B,F,transparent,Transparent,None,Brown-Green,No,NA,NA,NA,NA,NA,NA,NA,NA,NA,NA,NA,NA,NA,NA,NA,NA,NA,NA,1
Macquaria_colonorum,Macquaria,Percichthyidae,NA,B,F,transparent,Transparent,None,Grey,No,NA,NA,NA,NA,NA,NA,NA,NA,NA,NA,NA,NA,NA,NA,NA,NA,NA,NA,1
Nannoperca_vittata,Nannoperca,Percichthyidae,NA,B,F,transparent,Transparent,None,Brown-Orange,No,NA,NA,NA,NA,NA,NA,NA,NA,NA,NA,NA,NA,NA,NA,NA,NA,None,None,1
Etheostoma_olmstedi,Etheostoma,Percidae,NA,B,F,transparent,Transparent,None,Brown,No,Demersal,1,0,NA,NA,NA,NA,NA,NA,NA,NA,NA,NA,NA,NA,NA,Paternal,Monoparental,1
Sander_lucioperca,Sander,Percidae,NA,B,F,yellow; orange; amber,Yellow-Orange-Amber,Carotenoid,Brown-Grey,No,NA,NA,NA,NA,NA,NA,NA,NA,NA,NA,NA,NA,NA,NA,NA,Monogamy,Paternal,Monoparental,0
Polycentrus_schomburgkii,Polycentrus,Polycentridae,NA,B,F,yellow,Yellow-Orange-Amber,Carotenoid,Black-Grey,No,NA,NA,NA,NA,NA,NA,NA,NA,NA,NA,NA,NA,NA,NA,NA,NA,NA,NA,0
Retropinna_semoni,Retropinna,Retropinnidae,NA,B,F,yellow; orange; amber,Yellow-Orange-Amber,Carotenoid,Grey-Orange,Yes,NA,NA,NA,NA,NA,NA,NA,NA,NA,NA,NA,NA,NA,NA,NA,NA,None,None,0
Oncorhynchus_kisutch,Oncorhynchus,Salmonidae,M,B,F,yellow; orange; amber,Yellow-Orange-Amber,Carotenoid,Blue-Grey,No,NA,NA,NA,NA,NA,NA,NA,NA,NA,NA,NA,NA,NA,NA,NA,NA,Maternal,Monoparental,0
Oncorhynchus_tshawytscha,Oncorhynchus,Salmonidae,M,B,F,orange-red,Yellow-Orange-Amber,Carotenoid,Brown*,No,NA,NA,NA,NA,NA,NA,NA,NA,NA,NA,NA,NA,NA,NA,NA,NA,Maternal,Monoparental,0
Oncorhynchus_mykiss,Oncorhynchus,Salmonidae,M,B,F,yellow; orange; amber,Yellow-Orange-Amber,Carotenoid,Black-Silver,No,NA,NA,NA,NA,NA,NA,NA,NA,NA,NA,NA,NA,NA,NA,NA,NA,None,None,0
Oncorhynchus_nerka,Oncorhynchus,Salmonidae,M,B,F,yellow; orange; amber,Yellow-Orange-Amber,Carotenoid,Red,Yes,NA,NA,NA,NA,NA,NA,NA,NA,NA,NA,NA,NA,NA,NA,NA,Polygamy,Maternal,Monoparental,0
Monopterus_albus,Monopterus,Synbranchidae,NA,B,F,orange,Yellow-Orange-Amber,Carotenoid,Brown,No,NA,NA,NA,NA,NA,NA,NA,NA,NA,NA,NA,NA,NA,NA,NA,NA,Paternal,Monoparental,0
Microphis_cuncalus,Microphis,Syngnathidae,NA,B,F,yellow; orange; amber,Yellow-Orange-Amber,Carotenoid,Green-Tan,No,NA,NA,NA,NA,NA,NA,NA,NA,NA,NA,NA,NA,NA,NA,NA,NA,Paternal,Monoparental,0
Enneacampus_ansorgii,Enneacampus,Syngnathidae,NA,B,F,yellow; orange; amber,Yellow-Orange-Amber,Carotenoid,Brown-Red,Yes,NA,NA,NA,NA,NA,NA,NA,NA,NA,NA,NA,NA,NA,NA,NA,NA,Paternal,Monoparental,0
Hippichthys_parvicarinatus,Hippichthys,Syngnathidae,NA,B,F,yellow; orange; amber,Yellow-Orange-Amber,Carotenoid,Brown,No,NA,NA,NA,NA,NA,NA,NA,NA,NA,NA,NA,NA,NA,NA,NA,NA,Paternal,Monoparental,0
Leiopotherapon_unicolor,Leiopotherapon,Terapontidae,M,B,F,transparent,Transparent,None,Brown-Grey,No,Demersal,1,0,NA,NA,NA,NA,NA,NA,NA,NA,NA,NA,NA,NA,NA,Paternal,Monoparental,1
Atherina_presbyter,Atherina,Atherinidae,M,B,NA,transparent,Transparent,None,Blue-Grey-Yellow,No,NA,NA,NA,NA,NA,NA,17.46201,245.4895757,0.36261034,-2.64665907,43.0470189,43.0470189,0,-14.20194806,-1.375807625,NA,None,None,1
Salaria_pavo,Salaria,Blenniidae,M,B,NA,yellow; orange; amber,Yellow-Orange-Amber,Carotenoid,Brown-Orange-White,Yes,Demersal,1,0,NA,NA,NA,18.96230184,237.6759409,0.171221367,14.26559837,39.86326859,39.86326859,1,-6.245609539,-1.354789934,Polygamy,Paternal,Monoparental,0
Callionymus_sagitta,Callionymus,Callionymidae,M,B,NA,transparent,Transparent,None,Brown,No,NA,NA,NA,NA,NA,NA,27.25024002,208.6977221,0.244926511,108.8788197,10.27347984,10.27347984,0,23.76840454,1.399487323,NA,None,None,1
Alosa_mediocris,Alosa,Clupeidae,M,B,F,transparent,Transparent,None,Green-Grey,No,NA,NA,NA,NA,NA,NA,17.37123121,248.8739443,0.755894794,-76.71689934,37.16343692,37.16343692,0,-17.54415988,-0.835611567,NA,None,None,1
Phoxinus_phoxinus,Phoxinus,Cyprinidae,NA,B,F,yellow; orange; amber,Yellow-Orange-Amber,Carotenoid,Black*-Grey,No,NA,NA,NA,NA,NA,NA,NA,NA,NA,NA,NA,NA,0,NA,NA,NA,None,None,0
Cyprinodon_variegatus_ovinus,Cyprinodon,Cyprinodontidae,M,B,F,transparent,Transparent,None,Blue-Brown-Grey-Yellow,No,NA,NA,NA,NA,NA,NA,21.47849915,229.9589614,0.483352523,-82.38822624,31.00119777,31.00119777,0,1.8046878,-0.317613835,NA,None,None,1
Encrasicholina_punctifer,Encrasicholina,Engraulidae,M,NA,NA,transparent,Transparent,None,Green-Grey,No,NA,NA,NA,5,35,20,28.08906578,202.3462473,0.155316336,127.4714067,1.763170338,1.763170338,0,30.16507695,1.042495929,NA,None,None,1
Lycengraulis_grossidens,Lycengraulis,Engraulidae,M,B,F,Transparent,Transparent,None,Grey-Yellow,No,NA,NA,NA,NA,NA,NA,26.5710033,208.449063,0.297721951,-55.38711643,-3.723575931,3.723575931,0,23.88640818,0.68585646,NA,None,None,1
Esox_lucius,Esox,Esocidae,NA,B,F,yellow; orange; amber,Yellow-Orange-Amber,Carotenoid,Brown*,No,Demersal,1,0,0,30,15,NA,NA,NA,NA,NA,NA,0,NA,NA,NA,None,None,0
Fundulus_majalis,Fundulus,Fundulidae,M,B,NA,yellow; orange; amber,Yellow-Orange-Amber,Carotenoid,Black-Brown*,No,Demersal,1,0,0,1,0.5,17.05365624,245.3473708,0.634860565,-73.59647829,38.21803203,38.21803203,0,-14.13816544,-1.803483676,Polygamy,None,None,0
Adinia_xenica,Fundulus,Fundulidae,M,B,F,transparent,Transparent,None,Green-Grey,No,NA,NA,NA,NA,NA,NA,NA,NA,NA,NA,NA,NA,0,NA,NA,NA,None,None,1
Galaxias_fasciatus,Galaxias,Galaxiidae,M,B,F,transparent,Transparent,None,Brown-Yellow,No,NA,NA,NA,NA,NA,NA,14.69214417,261.3310602,1.061957387,172.578251,-41.70681753,41.70681753,0,-30.28219649,-1.151312375,NA,NA,NA,1
Galaxias_postvectis,Galaxias,Galaxiidae,M,B,F,transparent,Transparent,None,Brown,No,NA,NA,NA,NA,NA,NA,15.45111813,256.4398642,1.013487442,174.1107428,-39.64355815,39.64355815,0,-25.33517896,-1.315194444,NA,None,None,1
Apeltes_quadracus,Apeltes,Gasterosteidae,M,B,F,yellow to dark amber,Yellow-Orange-Amber,Carotenoid,Brown*,No,NA,NA,NA,0,3,1.5,NA,NA,NA,NA,NA,NA,1,NA,NA,NA,Paternal,Monoparental,0
Lepadogaster_purpurea,Lepadogaster,Gobiesocidae,M,NA,NA,yellow,Yellow-Orange-Amber,Carotenoid,Grey-Orange,Yes,NA,NA,NA,NA,NA,NA,17.65196876,242.3775591,0.355793138,-5.657855897,42.99288638,42.99288638,0,-11.10889267,-1.767904548,NA,NA,NA,0
Trachelochismus_melobesia,Trachelochismus,Gobiesocidae,M,NA,NA,red/pink,Variety,Carotenoid,Black-White,No,NA,NA,NA,0,36,18,NA,NA,NA,NA,NA,NA,0,NA,NA,NA,NA,NA,0
Gobiosoma_bosc,Gobiosoma,Gobiidae,M,B,NA,yellow,Yellow-Orange-Amber,Carotenoid,Brown-Yellow*,Yes,NA,NA,NA,NA,NA,NA,22.77947826,221.9919364,0.382630271,-83.56831534,31.39232354,31.39232354,1,9.87467449,-0.520957931,NA,NA,NA,0
Lepidogobius_lepidus,Lepidogobius,Gobiidae,M,NA,NA,yellow; orange; amber,Yellow-Orange-Amber,Carotenoid,Brown-Grey,No,NA,NA,NA,0,201,100.5,NA,NA,NA,NA,NA,NA,1,NA,NA,NA,NA,NA,0
Neogobius_melanostomus,Neogobius,Gobiidae,M,B,F,pale yellow to orange,Yellow-Orange-Amber,Carotenoid,Brown-Grey,No,NA,NA,NA,0,30,15,NA,NA,NA,NA,NA,NA,1,NA,NA,NA,NA,NA,0
Sicyopterus_lagocephalus,Sicyopterus,Gobiidae,M,B,F,yellow; orange; amber,Yellow-Orange-Amber,Carotenoid,Blue-Grey-Orange,Yes,Demersal,1,0,0,5,2.5,24.90701168,213.7500091,0.351597385,123.1609278,11.81557842,11.81557842,0,18.36848228,0.036709783,Monogamy,Biparental,Biparental,0
Tridentiger_trigonocephalus,Tridentiger,Gobiidae,M,B,F,yellow; orange; amber,Yellow-Orange-Amber,Carotenoid,Brown-White,No,Demersal,1,0,NA,NA,NA,NA,NA,NA,NA,NA,NA,1,NA,NA,NA,NA,NA,0
Icosteus_aenigmaticus,Icosteus,Icosteidae,M,NA,NA,"yellow; orange; amber; opaque 
becoming clear",Yellow-Orange-Amber,Carotenoid,Grey,No,NA,NA,NA,0,1420,710,NA,NA,NA,NA,NA,NA,0,NA,NA,NA,NA,NA,0
Lepisosteus_osseus,Lepisosteus,Lepisosteidae,NA,B,F,yellow; orange; amber,Yellow-Orange-Amber,Carotenoid,Black-Grey,No,NA,NA,NA,NA,NA,NA,NA,NA,NA,NA,NA,NA,1,NA,NA,NA,None,None,0
Lophotus_lacepede,Lophotus,Lophotidae,M,NA,NA,amber,Yellow-Orange-Amber,Carotenoid,Grey-Orange-White,Yes,Pelagic,2,2,0,92,46,24.41771638,214.2390556,0.190434387,-66.57770803,10.25724306,10.25724306,0,17.79697272,-0.353101952,NA,None,None,0
Chelon_labrosus,Chelon,Mugilidae,M,B,F,transparent,Transparent,None,Grey,No,NA,NA,NA,NA,NA,NA,15.97539696,253.3537033,0.389123765,8.883355236,46.98055297,46.98055297,0,-22.20535471,-1.373994987,NA,None,None,1
Patagonotothen_ramsayi,Patagonotothen,Nototheniidae,M,NA,NA,light-yellow to light-orange,Yellow-Orange-Amber,Carotenoid,Grey,No,NA,NA,NA,50,500,275,NA,NA,NA,NA,NA,NA,0,NA,NA,NA,NA,NA,0
Ostracion_meleagris,Ostracion,Ostraciidae,M,NA,NA,colourless,Transparent,None,Black-Blue-White-Yellow,No,NA,NA,NA,1,30,15.5,NA,NA,NA,NA,NA,NA,0,NA,NA,NA,None,None,1
Paralichthys_dentatus,Paralichthys,Paralichthyidae,M,B,F,transparent ,Transparent,None,Brown,No,NA,NA,NA,10,183,96.5,17.88966257,241.969285,0.672340263,-75.20241591,37.3198913,37.3198913,0,-10.66353681,-1.61028397,NA,None,None,1
Paralichthys_olivaceus,Paralichthys,Paralichthyidae,M,NA,NA,yellow; orange; amber,Yellow-Orange-Amber,Carotenoid,Brown,No,NA,NA,NA,10,200,105,NA,NA,NA,NA,NA,NA,0,NA,NA,NA,None,None,0
Eurypegasus_draconis,Eurypegasus,Pegasidae,M,B,NA,transparent,Transparent,None,Blue-Brown,No,NA,NA,NA,3,91,47,27.67767727,203.4238433,0.175485837,127.5601654,4.887254252,4.887254252,0,29.02977322,0.838684521,NA,None,None,1
Psettichthys_melanostictus,Psettichthys,Pleuronectidae,M,NA,NA,clear yolk,Transparent,None,Brown,No,NA,NA,NA,1,325,163,NA,NA,NA,NA,NA,NA,0,NA,NA,NA,None,None,1
Stokellia_anisodon,Stokellia,Retropinnidae,M,B,F,colourless,Transparent,None,Grey,No,NA,NA,NA,NA,NA,NA,12.34980975,280.8635083,1.548376639,171.7108131,-44.08097072,44.08097072,0,-49.90951314,0.179664916,NA,NA,NA,1
Coregonus_albula,Coregonus,Salmonidae,M,B,F,yellow; orange; amber,Yellow-Orange-Amber,Carotenoid,Grey,No,NA,NA,NA,NA,NA,NA,NA,NA,NA,NA,NA,NA,0,NA,NA,NA,None,None,0
Coregonus_nasus,Coregonus,Salmonidae,NA,B,F,yellow; orange; amber,Yellow-Orange-Amber,Carotenoid,Grey,No,NA,NA,NA,NA,NA,NA,NA,NA,NA,NA,NA,NA,0,NA,NA,NA,None,None,0
Coregonus_sardinella,Coregonus,Salmonidae,M,B,F,yellow,Yellow-Orange-Amber,Carotenoid,Grey,No,NA,NA,NA,NA,NA,NA,NA,NA,NA,NA,NA,NA,0,NA,NA,NA,None,None,0
Prosopium_cylindraceum,Prosopium,Salmonidae,NA,B,F,yellow; orange; amber,Yellow-Orange-Amber,Carotenoid,Brown-Grey,No,NA,NA,NA,NA,NA,NA,NA,NA,NA,NA,NA,NA,0,NA,NA,NA,None,None,0
Salmo_salar,Salmo,Salmonidae,M,B,F,yellow; orange; amber,Yellow-Orange-Amber,Carotenoid,Black-Blue-Grey,No,NA,NA,NA,0,210,105,NA,NA,NA,NA,NA,NA,0,NA,NA,NA,None,None,0
Cheilotrema_saturnum,Cheilotrema,Sciaenidae,M,NA,NA,transparent,Transparent,None,Grey,No,Pelagic,2,2,NA,NA,NA,17.46276124,245.0589699,0.650668247,-118.027737,32.27990072,32.27990072,0,-13.77871429,-1.455149279,NA,None,None,1
Cynoscion_regalis,Cynoscion,Sciaenidae,M,B,NA,transparent,Transparent,None,Green-Grey,No,NA,NA,NA,10,26,18,NA,NA,NA,NA,NA,NA,0,NA,NA,NA,None,None,1
Scomber_japonicus,Scomber,Scombridae,M,NA,NA,transparent,Transparent,None,Brown-Grey,No,Pelagic,2,2,0,0,0,19.84315989,235.3552204,0.494929166,130.4050748,29.34375275,29.34375275,0,-3.801559826,-0.920882634,NA,None,None,1
Centropristis_striata,Centropristis,Serranidae,M,NA,NA,transparent yolk,Transparent,None,Black,No,NA,NA,NA,NA,NA,NA,18.75315844,242.6523492,0.464172856,-75.41369475,36.05238121,36.05238121,0,-11.17410085,-0.634821937,NA,None,None,1
Filicampus_tigris,Filicampus,Syngnathidae,M,NA,NA,yellow; orange; amber,Yellow-Orange-Amber,Carotenoid,Brown-Green,No,NA,NA,NA,2,27,14.5,22.10159257,222.9953113,0.27702622,146.0002399,-30.17858662,30.17858662,2,8.762736607,-1.000420488,Monogamy,Paternal,Monoparental,0
Hippichthys_penicillus,Hippichthys,Syngnathidae,M,B,F,yellow; orange; amber,Yellow-Orange-Amber,Carotenoid,Brown-Green,No,NA,NA,NA,NA,NA,NA,26.79088698,207.3104351,0.256405149,138.1370737,-18.09035017,18.09035017,2,25.04606497,0.690153655,Monogamy,Paternal,Monoparental,0
Hippocampus_abdominalis,Hippocampus,Syngnathidae,M,B,NA,yellow; orange; amber,Yellow-Orange-Amber,Carotenoid,Brown-Green-Orange,Yes,Benthic,0,1,0,4,2,15.73771987,252.3158107,0.576108086,172.3860611,-41.60625465,41.60625465,2,-21.22976854,-1.800542853,NA,Paternal,Monoparental,0
Hippocampus_barbouri,Hippocampus,Syngnathidae,M,NA,NA,yellow; orange; amber,Yellow-Orange-Amber,Carotenoid,Brown-Orange,Yes,Benthic,0,1,6,12,9,28.86277076,200.0912771,0.142600286,119.7638172,1.326238716,1.326238716,2,32.52459608,1.383346988,NA,Paternal,Monoparental,0
Hippocampus_erectus,Hippocampus,Syngnathidae,M,NA,NA,yellow; orange; amber,Yellow-Orange-Amber,Carotenoid,Red-Yellow,Yes,Benthic,0,1,1,73,37,26.13838842,208.0992617,0.135920534,-62.3747294,15.22179058,15.22179058,2,24.14965393,0.195735798,NA,Paternal,Monoparental,0
Hippocampus_kuda,Hippocampus,Syngnathidae,M,B,NA,yellow; orange; amber,Yellow-Orange-Amber,Carotenoid,Black-Yellow,Yes,Benthic,0,1,0,68,34,NA,NA,NA,NA,NA,NA,2,NA,NA,NA,Paternal,Monoparental,0
Hippocampus_subelongatus,Hippocampus,Syngnathidae,M,B,NA,yellow; orange; amber,Yellow-Orange-Amber,Carotenoid,Brown-Yellow,Yes,NA,NA,NA,1,25,13,21.85601961,220.3771454,0.124190573,114.2256588,-29.76128719,29.76128719,2,11.28956046,-1.728610012,Monogamy,Paternal,Monoparental,0
Syngnathus_phlegon,Syngnathus,Syngnathidae,M,NA,NA,yellow; orange; amber,Yellow-Orange-Amber,Carotenoid,Blue-White,No,NA,NA,NA,NA,NA,NA,20.25300241,227.6227981,0.111299406,15.80612061,37.51664579,37.51664579,2,3.872191982,-1.956188729,NA,Paternal,Monoparental,0
Syngnathus_rostellatus,Syngnathus,Syngnathidae,M,B,NA,yellow; orange; amber,Yellow-Orange-Amber,Carotenoid,Brown-Green,No,Benthic,0,1,0,15,7.5,11.02911528,301.0308905,0.492374864,8.125374741,56.10733433,56.10733433,2,-69.97069328,2.632538804,NA,Paternal,Monoparental,0
Syngnathus_scovelli,Syngnathus,Syngnathidae,M,B,F,yellow; orange; amber,Yellow-Orange-Amber,Carotenoid,Brown-Green,No,NA,NA,NA,0,6,3,25.57926511,214.3827929,0.280829679,-88.5,31.00524431,31.00524431,2,17.87175615,0.814914873,NA,Paternal,Monoparental,0
Syngnathus_typhle,Syngnathus,Syngnathidae,M,B,NA,yellow; orange; amber,Yellow-Orange-Amber,Carotenoid,Green,No,Benthic,0,1,1,20,10.5,15.54265289,262.4040998,0.347756621,10.78084205,48.29433536,48.29433536,2,-31.1783482,-0.116087186,NA,Paternal,Monoparental,0
Canthigaster_rostrata,Canthigaster,Tetraodontidae,M,NA,F,transparent,Transparent,None,Blue-Brown-Green-White-Yellow,No,Demersal,1,0,1,40,20.5,26.97350365,205.1346571,0.110221367,-79.52986264,20.4461444,20.4461444,0,27.21784865,0.464955075,Monogamy,Maternal,Monoparental,1
Canthigaster_valentini,Canthigaster,Tetraodontidae,M,NA,NA,yellow; orange; amber,Yellow-Orange-Amber,Carotenoid,Black-White-Yellow,Yes,Demersal,1,0,1,5,3,27.75772634,202.6153346,0.146107169,130.9613148,1.668951719,1.668951719,0,29.83906455,0.766978752,Polygamy,None,None,0
Zoarces_fedorovi,Zoarces,Zoarcidae,M,B,NA,yellow; orange; amber,Yellow-Orange-Amber,Carotenoid,Brown-Grey*-Yellow,Yes,NA,NA,NA,6,10,8,NA,NA,NA,NA,NA,NA,2,NA,NA,NA,Maternal,Monoparental,0
Gramma_loreto,Gramma,Grammatidae,M,NA,NA,transparent,Transparent,None,Purple-Yellow,No,Demersal,1,0,1,60,30.5,27.66795198,202.3206953,0.072130238,-76.25521422,17.48120659,17.48120659,0,30.11186864,0.623976379,NA,NA,NA,1
Nemipterus_virgatus,Nemipterus,Nemipteridae,M,NA,NA,transparent,Transparent,None,Pink-Yellow,No,NA,NA,NA,1,220,110.5,26.73491148,207.5446599,0.268354808,119.3060661,18.40895514,18.40895514,0,24.80551636,0.678713425,NA,None,None,1
Argyropelecus_hemigymnus,Argyropelecus,Sternoptychidae,M,NA,NA,transparent,Transparent,None,Grey,No,Pelagic,2,2,0,400,200,23.23925077,220.9816274,0.168203855,-85.46597527,-0.651403417,0.651403417,0,10.95286299,-0.257093195,NA,None,None,1
Eumegistus_brevorti,Eumegistus,Bramidae,M,NA,NA,transparent,Transparent,None,Blue-Grey,No,NA,NA,NA,384,1317,850.5,NA,NA,NA,NA,NA,NA,0,NA,NA,NA,NA,NA,1
Cubiceps_baxteri,Cubiceps,Nomeidae,M,NA,NA,Chorion light tan,Black-Brown-Grey,Melanin,Brown,Yes,NA,NA,NA,1,100,50.5,24.86143043,215.2878774,0.162995492,NA,NA,NA,0,16.84896471,0.277921148,NA,NA,NA,0
Gadus_morhua,Gadus,Gadidae,M,B,NA,transparent,Transparent,None,Brown-Grey,No,Pelagic,2,2,0,600,300,NA,NA,NA,NA,NA,NA,0,NA,NA,NA,None,None,1
Psenes_pellucidus,Psenes,Nomeidae,M,NA,NA,Chorion brownish with rose tint,Black-Brown-Grey,Melanin,Black-Brown,Yes,NA,NA,NA,NA,NA,NA,24.64989616,214.5415789,0.151309028,70.57628387,-2.779558907,2.779558907,0,17.5429053,-0.068712175,NA,NA,NA,0
Lycodes_cortezianus,Lycodes,Zoarcidae,M,NA,NA,transparent,Transparent,None,Black-Brown,No,NA,NA,NA,73,620,346.5,NA,NA,NA,NA,NA,NA,1,NA,NA,NA,NA,NA,1
Eumecichthys_fiski,Eumecichthys,Lophotidae,M,NA,NA,transparent,Transparent,None,Grey-Orange,No,Pelagic,2,2,NA,NA,NA,25.1906045,212.6693791,0.141866806,-144.59396,17.55442076,17.55442076,0,19.48300091,0.114390611,NA,NA,NA,1
Merluccius_merluccius,Merluccius,Merlucciidae,M,NA,NA,transparent,Transparent,None,Grey,No,NA,NA,NA,30,1075,552.5,NA,NA,NA,NA,NA,NA,0,NA,NA,NA,None,None,1
Icichthys_lockingtoni,Icichthys,Centrolophidae,M,NA,NA,envelope clear,Transparent,None,Grey,No,NA,NA,NA,0,900,450,NA,NA,NA,NA,NA,NA,0,NA,NA,NA,NA,NA,1
Thyrsites_atun,Thyrsites,Gempylidae,M,B,NA,transparent,Transparent,None,Blue-Grey,No,NA,NA,NA,0,50,25,NA,NA,NA,NA,NA,NA,0,NA,NA,NA,None,None,1
Trachipterus_fukuzakii,Trachipterus,Trachipteridae,M,NA,NA,"pink, amber",Variety,Carotenoid,Brown,No,Pelagic,2,2,NA,NA,NA,NA,NA,NA,NA,NA,NA,0,NA,NA,NA,NA,NA,0
Trachipterus_ishikawae,Trachipterus,Trachipteridae,M,NA,NA,transparent,Transparent,None,Grey-Red,No,NA,NA,NA,0,1200,600,NA,NA,NA,NA,NA,NA,0,NA,NA,NA,NA,NA,1
Cyclopterus_lumpus,Cyclopterus,Cyclopteridae,M,NA,NA,yellow; orange; amber; golden,Yellow-Orange-Amber,Carotenoid,Black*-Blue-Grey,No,Demersal,1,0,0,868,434,NA,NA,NA,NA,NA,NA,1,NA,NA,NA,Paternal,Monoparental,0
Dicentrarchus_labrax,Dicentrarchus,Moronidae,M,B,F,transparent,Transparent,None,Grey,No,Pelagic,2,2,10,100,55,16.19755909,252.9060308,0.373707901,9.819681306,48.5557064,48.5557064,0,-21.72417616,-1.238962069,NA,None,None,1
Lepidorhombus_whiffiagonis,Lepidorhombus,Scophthalmidae,M,NA,NA,transparent,Transparent,None,Brown,No,NA,NA,NA,100,700,400,NA,NA,NA,NA,NA,NA,0,NA,NA,NA,None,None,1
Thunnus_obesus,Thunnus,Scombridae,M,NA,NA,clear,Transparent,None,Blue-Grey-Yellow,No,NA,NA,NA,0,500,250,23.94348151,217.5572548,0.137499118,56.20098703,1.640375604,1.640375604,0,14.44846465,-0.201978267,NA,None,None,1
Chaenocephalus_aceratus,Chaenocephalus,Channichthyidae,M,NA,NA,yellow; orange; amber,Yellow-Orange-Amber,Carotenoid,Grey*,No,NA,NA,NA,5,770,387.5,NA,NA,NA,NA,NA,NA,0,NA,NA,NA,None,None,0
Argentina_sphyraena,Argentina,Argentinidae,M,NA,NA,transparent,Transparent,None,Grey,No,NA,NA,NA,50,700,375,NA,NA,NA,NA,NA,NA,0,NA,NA,NA,None,None,1
Lophius_piscatorius,Lophius,Lophiidae,M,NA,NA,yellow; orange; amber,Yellow-Orange-Amber,Carotenoid,Grey-Orange-White,Yes,NA,NA,NA,20,1000,510,15.79630675,256.8094447,0.418983054,7.941862781,46.20437173,46.20437173,0,-25.63411753,-0.907296588,NA,None,None,0
Anguilla_anguilla,Anguilla,Anguillidae,NA,B,F,transparent,Transparent,None,Brown-Yellow,No,NA,NA,NA,0,700,350,13.17575185,279.6081524,0.440997851,19.54104741,55.51222415,55.51222415,0,-48.5224559,0.757740176,NA,None,None,1
Champsocephalus_gunnari,Champsocephalus,Channichthyidae,M,NA,NA,yellow; orange; amber,Yellow-Orange-Amber,Carotenoid,Grey,No,NA,NA,NA,0,700,350,NA,NA,NA,NA,NA,NA,0,NA,NA,NA,None,None,0
Limanda_ferruginea,Limanda,Pleuronectidae,M,NA,NA,transparent,Transparent,None,Brown-Yellow,No,NA,NA,NA,27,364,195.5,NA,NA,NA,NA,NA,NA,0,NA,NA,NA,NA,NA,1
Hippoglossoides_elassodon,Hippoglossoides,Pleuronectidae,M,NA,NA,"transparent, colourless yolk",Transparent,None,Brown-Grey,No,NA,NA,NA,0,1050,525,NA,NA,NA,NA,NA,NA,0,NA,NA,NA,None,None,1
Chionodraco_hamatus,Chionodraco,Channichthyidae,M,NA,NA,yellow; orange; amber,Yellow-Orange-Amber,Carotenoid,Grey,No,NA,NA,NA,4,600,302,NA,NA,NA,NA,NA,NA,0,NA,NA,NA,None,None,0
Bellottia_apoda,Bellottia,Bythitidae,M,NA,NA,yellow; orange; amber,Yellow-Orange-Amber,Carotenoid,Orange,Yes,NA,NA,NA,30,569,299.5,NA,NA,NA,NA,NA,NA,2,NA,NA,NA,NA,NA,0
Hime_japonica,Hime,Aulopidae,M,NA,NA,transparent,Transparent,None,Brown-Orange-White,No,NA,NA,NA,85,510,297.5,NA,NA,NA,NA,NA,NA,0,NA,NA,NA,NA,NA,1
Eumicrotremus_orbis,Eumicrotremus,Cyclopteridae,M,NA,NA,"translucent envelope, clear yolk",Transparent,None,Brown-Green-Orange,No,NA,NA,NA,0,575,287.5,NA,NA,NA,NA,NA,NA,0,NA,NA,NA,NA,NA,1
Glyptocephalus_cynoglossus,Glyptocephalus,Pleuronectidae,M,NA,NA,transparent,Transparent,None,Brown,No,Pelagic,2,2,18,1570,794,NA,NA,NA,NA,NA,NA,0,NA,NA,NA,None,None,1
Lepidopus_altifrons,Lepidopus,Trichiuridae,M,NA,NA,transparent,Transparent,None,Brown-Grey,No,NA,NA,NA,100,500,300,NA,NA,NA,NA,NA,NA,0,NA,NA,NA,NA,NA,1
Xiphias_gladius,Xiphias,Xiphiidae,M,NA,NA,transparent,Transparent,None,Black-Grey,No,Pelagic,2,2,0,878,439,21.3759865,229.7734726,0.187381434,141.4341525,56.88421112,56.88421112,0,1.96787654,-0.452833558,NA,None,None,1
Thunnus_thynnus,Thunnus,Scombridae,M,B,NA,transparent,Transparent,None,Blue-Grey-Yellow,No,Pelagic,2,2,0,985,492.5,19.7210014,238.5546653,0.232772112,-26.08601351,40.9380318,40.9380318,0,-6.967909546,-0.445909143,NA,None,None,1
Trachipterus_altivelis,Trachipterus,Trachipteridae,M,NA,NA,amber; pink,Variety,Carotenoid,Grey-Red*,Yes,Pelagic,2,2,0,900,450,NA,NA,NA,NA,NA,NA,0,NA,NA,NA,NA,NA,0
Pseudochaenichthys_georgianus,Pseudochaenichthys,Channichthyidae,M,NA,NA,yellow; orange; amber,Yellow-Orange-Amber,Carotenoid,Black-Grey*,No,NA,NA,NA,0,475,237.5,NA,NA,NA,NA,NA,NA,0,NA,NA,NA,None,None,0
Xiphister_atropurpureus,Xiphister,Stichaeidae,M,NA,NA,white envelope,White,Guanine,Black-Brown,No,NA,NA,NA,8,12,10,10.53535894,288.9537109,1.487007599,NA,NA,NA,1,-58.19601901,-0.098598039,NA,Paternal,Monoparental,0
Myoxocephalus_scorpius,Myoxocephalus,Cottidae,M,B,NA,yellow; orange; amber,Yellow-Orange-Amber,Carotenoid,Brown-White,No,Demersal,1,0,0,451,225.5,NA,NA,NA,NA,NA,NA,1,NA,NA,NA,Paternal,Monoparental,0
Hemilepidotus_hemilepidotus,Hemilepidotus,Cottidae,M,NA,NA,Pink,Pink,Carotenoid,Red-White,Yes,NA,NA,NA,0,450,225,NA,NA,NA,NA,NA,NA,1,NA,NA,NA,NA,NA,0
Callionymus_lyra,Callionymus,Callionymidae,M,NA,NA,transparent,Transparent,None,Blue-Brown,No,Pelagic,2,2,5,430,217.5,15.0259802,258.2199701,0.395896954,1.428751035,51.16619446,51.16619446,0,-27.16329458,-1.401869607,NA,None,None,1
Lepidonotothen_squamifrons,Lepidonotothen,Nototheniidae,M,NA,NA,yellow; orange; amber,Yellow-Orange-Amber,Carotenoid,Grey,No,NA,NA,NA,10,900,455,NA,NA,NA,NA,NA,NA,0,NA,NA,NA,None,None,0
Hippoglossus_hippoglossus,Hippoglossus,Pleuronectidae,M,NA,NA,clear,Transparent,None,Brown,No,Pelagic,2,2,50,2000,1025,NA,NA,NA,NA,NA,NA,0,NA,NA,NA,None,None,1
Cepola_macrophthalma,Cepola,Cepolidae,M,NA,NA,transparent,Transparent,None,Red,No,Pelagic,2,2,15,400,207.5,17.74540595,241.2359137,0.301194861,2.965782504,43.12553961,43.12553961,0,-9.969786283,-1.888409201,NA,None,None,1
Parachaenichthys_charcoti,Parachaenichthys,Bathydraconidae,M,NA,NA,orange-reddish,Yellow-Orange-Amber,Carotenoid,Orange-White,Yes,NA,NA,NA,5,400,202.5,NA,NA,NA,NA,NA,NA,0,NA,NA,NA,NA,NA,0
Opisthocentrus_ocellatus,Opisthocentrus,Stichaeidae,M,NA,NA,colourless yolk,Transparent,None,Green,No,NA,NA,NA,0,335,167.5,NA,NA,NA,NA,NA,NA,1,NA,NA,NA,Maternal,Monoparental,1
Ctenogobius_boleosoma,Ctenogobius,Gobiidae,M,B,F,yellow; orange; amber,Yellow-Orange-Amber,Carotenoid,Yellow,Yes,NA,NA,NA,NA,NA,NA,26.74221789,206.5522381,0.177918424,-72.44008744,15.90906431,15.90906431,0,25.78198454,0.501331631,NA,NA,NA,0
Trachurus_symmetricus,Trachurus,Carangidae,M,NA,NA,clear envelope,Transparent,None,Blue-Green-Grey,No,NA,NA,NA,0,400,200,10.94650139,285.5054372,0.864370742,-137.4435981,51.62573857,51.62573857,0,-54.73143885,-0.335903485,NA,None,None,1
Engraulis_eurystole,Engraulis,Engraulidae,M,NA,NA,Transparent;,Transparent,None,Green-Grey,No,NA,NA,NA,124,282,203,24.19397637,217.8766753,0.336109155,-80.61364846,32.83653125,32.83653125,0,14.18120086,0.103549464,NA,None,None,1
Maurolicus_muelleri,Maurolicus,Sternoptychidae,M,NA,NA,transparent,Transparent,None,Blue-Grey,No,NA,NA,NA,271,1524,897.5,NA,NA,NA,NA,NA,NA,0,NA,NA,NA,NA,NA,1
Limanda_limanda,Limanda,Pleuronectidae,M,NA,NA,transparent,Transparent,None,Brown-Yellow,No,NA,NA,NA,20,150,85,8.441673162,301.1148323,0.562734331,18.77922954,63.38654991,63.38654991,0,-70.53435753,0.105844213,NA,None,None,1
Epinephelus_guttatus,Epinephelus,Serranidae,M,NA,NA,transparent,Transparent,None,Brown-Orange,No,NA,NA,NA,NA,NA,NA,27.0791542,204.6624691,0.096089444,-79.47256424,20.34566641,20.34566641,0,27.70144736,0.480949761,NA,None,None,1
Syngnathus_leptorhynchus,Syngnathus,Syngnathidae,M,B,NA,yellow; orange; amber,Yellow-Orange-Amber,Carotenoid,Green,No,Benthic,0,1,0,5,2.5,12.91444003,272.7876145,0.941230838,-125.386179,45.52113172,45.52113172,2,-41.86949566,-0.767429045,NA,Paternal,Monoparental,0
Liopsetta_glacialis,Liopsetta,Pleuronectidae,M,B,F,clear yolk,Transparent,None,Brown-Green-White,No,NA,NA,NA,0,90,45,1.428789198,359.1745578,0.597397279,85.92449139,71.25852046,71.25852046,0,-128.8854414,4.012668075,NA,None,None,1
Porichthys_notatus,Porichthys,Batrachoididae,M,NA,NA,yellowish to orange ,Yellow-Orange-Amber,Carotenoid,Brown*-Grey,No,Benthic,0,1,0,366,183,12.83142252,273.233653,1.00399705,-124.893668,45.13433264,45.13433264,1,-42.32319198,-0.76604854,NA,Paternal,Monoparental,0
Clupea_harengus,Clupea,Clupeidae,M,B,NA,transparent,Transparent,None,Blue-Grey,No,Demersal,1,0,0,364,182,5.259448872,323.2612404,0.545988911,31.40121162,72.93440215,72.93440215,0,-92.88622909,1.097701481,NA,None,None,1
Spondyliosoma_cantharus,Spondyliosoma,Sparidae,M,NA,NA,yellow,Yellow-Orange-Amber,Carotenoid,Grey,No,Demersal,1,0,5,300,152.5,18.08409146,243.0034743,0.360268936,5.346261219,43.46044473,43.46044473,1,-11.64352715,-1.226918561,NA,NA,NA,0
Phytichthys_chirus,Phytichthys,Stichaeidae,M,NA,NA,white envelope,White,Guanine,Brown-Green,No,NA,NA,NA,0,12,6,8.290599917,302.7258501,1.150438515,NA,NA,NA,NA,-72.14536688,0.257007465,NA,NA,NA,0
Pseudopleuronectes_americanus,Pseudopleuronectes,Pleuronectidae,M,NA,NA,clear,Transparent,None,Black-Brown,No,NA,NA,NA,5,143,74,NA,NA,NA,NA,NA,NA,0,NA,NA,NA,None,None,1
Anoplarchus_purpurescens,Anoplarchus,Stichaeidae,M,NA,NA,envelope white,White,Guanine,Brown-Grey,No,Benthic,0,1,1,30,15.5,NA,NA,NA,NA,NA,NA,1,NA,NA,Polygamy,Maternal,Monoparental,0
Brama_dussumieri,Brama,Bramidae,M,NA,NA,transparent,Transparent,None,Grey,No,NA,NA,NA,1,300,150.5,26.177493,208.1786685,0.134715323,-83.62946731,-4.983327969,4.983327969,0,24.07890463,0.248925503,NA,NA,NA,1
Scomber_colias,Scomber,Scombridae,M,B,NA,transparent,Transparent,None,Grey,No,NA,NA,NA,NA,NA,NA,21.74383341,225.9461599,0.196804991,10.35037148,37.21716313,37.21716313,0,5.796831855,-0.80316918,NA,None,None,1
Parachaenichthys_georgianus,Parachaenichthys,Bathydraconidae,M,NA,NA,yellow; orange; amber,Yellow-Orange-Amber,Carotenoid,Brown*,No,NA,NA,NA,5,270,137.5,NA,NA,NA,NA,NA,NA,0,NA,NA,NA,None,None,0
Agonus_cataphractus,Agonus,Agonidae,M,NA,NA,yellow; orange; amber,Yellow-Orange-Amber,Carotenoid,Grey*,No,NA,NA,NA,0,270,135,8.342627683,310.9334767,0.528589076,16.94863703,63.77986107,63.77986107,0,-80.2001392,1.834500483,NA,None,None,0
Ophichthus_gomesii,Ophichthus,Ophichthidae,M,NA,NA,pale yellow,Yellow-Orange-Amber,Carotenoid,Brown,No,Benthic,0,1,1,450,225.5,25.88001247,210.1805604,0.242623233,-67.93641841,11.62524151,11.62524151,0,22.05661243,0.328926366,NA,NA,NA,0
Oncorhynchus_keta,Oncorhynchus,Salmonidae,M,B,F,yellow; orange; amber,Yellow-Orange-Amber,Carotenoid,Grey-Yellow*,Yes,NA,NA,NA,0,250,125,NA,NA,NA,NA,NA,NA,1,NA,NA,NA,Maternal,Monoparental,0
Scomberesox_saurus_saurus,Scomberesox,Scomberesocidae,M,NA,NA,clear,Transparent,None,Brown-Grey,No,NA,NA,NA,0,30,15,16.63043043,253.5475619,0.324337377,-22.36328014,45.09742901,45.09742901,0,-22.2740149,-0.694336411,NA,NA,NA,1
Antennarius_striatus,Antennarius,Antennariidae,M,B,NA,"light yellow, clear",Yellow-Orange-Amber,Carotenoid,Orange,Yes,Pelagic,2,2,10,219,114.5,25.45021122,211.277093,0.242492287,132.018672,-20.46261923,20.46261923,0,20.89927823,0.110545062,NA,None,None,0
Pareques_umbrosus,Pareques,Sciaenidae,M,NA,NA,transparent,Transparent,None,Grey,No,Pelagic,2,2,5,91,48,26.03199434,209.4356679,0.191796407,-87.71415442,26.48396464,26.48396464,0,22.81677467,0.339729268,NA,None,None,1
Sardinella_longiceps,Sardinella,Clupeidae,M,NA,NA,transparent,Transparent,None,Blue-Grey,No,NA,NA,NA,20,200,110,27.73762485,202.064288,0.281033982,67.83934341,19.17949082,19.17949082,0,30.37676009,0.644749752,NA,None,None,1
Platycephalus_speculator,Platycephalus,Platycephalidae,M,B,NA,transparent,Transparent,None,Brown-Grey,No,NA,NA,NA,1,30,15.5,NA,NA,NA,NA,NA,NA,0,NA,NA,NA,None,None,1
Salmo_trutta,Salmo,Salmonidae,M,B,F,yellow; orange; amber,Yellow-Orange-Amber,Carotenoid,Brown,No,Demersal,1,0,0,28,14,NA,NA,NA,NA,NA,NA,0,NA,NA,NA,None,None,0
Scophthalmus_aquosus,Scophthalmus,Scophthalmidae,M,B,NA,clear,Transparent,None,Brown,No,NA,NA,NA,55,73,64,NA,NA,NA,NA,NA,NA,0,NA,NA,NA,NA,NA,1
Icelinus_quadriseriatus,Icelinus,Cottidae,M,NA,NA,pale green,Green,Green,Brown*,No,NA,NA,NA,6,201,103.5,15.44163717,254.0390969,1.595388111,NA,NA,NA,0,-22.97805524,-1.770980864,NA,NA,NA,0
Taurulus_bubalis,Taurulus,Cottidae,M,B,NA,yellow; orange; amber,Yellow-Orange-Amber,Carotenoid,Brown-White*,No,NA,NA,NA,0,200,100,10.97642016,288.2791428,0.521228232,6.823804037,58.77808484,58.77808484,0,-57.45119429,0.209319576,NA,NA,NA,0
Remora_remora,Remora,Echeneidae,M,NA,NA,yellowish,Yellow-Orange-Amber,Carotenoid,Grey,No,NA,NA,NA,0,200,100,24.03927014,217.2048862,0.162156913,44.51051505,58.98886007,58.98886007,0,14.81250014,-0.173390642,NA,None,None,0
Istiophorus_platypterus,Istiophorus,Istiophoridae,M,NA,NA,transparent,Transparent,None,Blue-Grey,No,Pelagic,2,2,0,0,0,24.51145804,215.1488711,0.150917482,-85.77319343,3.407684514,3.407684514,0,16.92046172,-0.091797128,NA,None,None,1
Oncorhynchus_gorbuscha,Oncorhynchus,Salmonidae,M,B,F,yellow; orange; amber,Yellow-Orange-Amber,Carotenoid,Black-Grey-Yellow,Yes,NA,NA,NA,0,250,125,NA,NA,NA,NA,NA,NA,1,NA,NA,NA,Maternal,Monoparental,0
Mycteroperca_phenax,Mycteroperca,Serranidae,M,B,NA,clear yolk,Transparent,None,Brown,No,NA,NA,NA,30,100,65,26.222063,208.1308854,0.170794959,-87.49304453,25.99731056,25.99731056,0,24.13414286,0.283831771,NA,None,None,1
Pleuronichthys_decurrens,Pleuronichthys,Pleuronectidae,M,NA,NA,transparent,Transparent,None,Brown-White,No,NA,NA,NA,8,533,270.5,NA,NA,NA,NA,NA,NA,0,NA,NA,NA,None,None,1
Ompok_bimaculatus,Ompok,Siluridae,NA,B,F,yellow,Yellow-Orange-Amber,Carotenoid,Grey,No,NA,NA,NA,NA,NA,NA,NA,NA,NA,NA,NA,NA,NA,NA,NA,NA,NA,NA,0
Desmodema_lorum,Desmodema,Trachipteridae,M,NA,NA,amber; pink,Variety,Carotenoid,Grey-Pink*,Yes,Pelagic,2,2,0,500,250,NA,NA,NA,NA,NA,NA,0,NA,NA,NA,NA,NA,0
Arius_maculatus,Arius,Ariidae,M,B,F,yellow,Yellow-Orange-Amber,Carotenoid,Grey,No,NA,NA,NA,50,100,75,NA,NA,NA,NA,NA,NA,2,NA,NA,NA,Paternal,Monoparental,0
Hemitripterus_americanus,Hemitripterus,Hemitripteridae,M,NA,NA,"pale yellow, amber, light orange",Yellow-Orange-Amber,Carotenoid,Red,Yes,Benthic,0,1,2,180,91,NA,NA,NA,NA,NA,NA,1,NA,NA,NA,NA,NA,0
Makaira_mazara,Makaira,Istiophoridae,M,NA,NA,transparent,Transparent,None,Blue-Grey,No,NA,NA,NA,0,0,0,NA,NA,NA,NA,NA,NA,0,NA,NA,NA,None,None,1
Spicara_smaris,Spicara,Sparidae,M,NA,NA,transparent yolk,Transparent,None,Blue-Grey,No,NA,NA,NA,15,328,171.5,19.55745908,235.1437374,0.14979231,15.32493358,37.85488808,37.85488808,1,-3.646897858,-1.240929018,NA,Paternal,Monoparental,1
Chitonotus_pugetensis,Chitonotus,Cottidae,M,NA,NA,Salmon-colored,Pink,Carotenoid,Black*-White-Yellow,Yes,NA,NA,NA,0,142,71,NA,NA,NA,NA,NA,NA,0,NA,NA,NA,NA,NA,0
Cubiceps_pauciradiatus,Cubiceps,Nomeidae,M,NA,NA,Chorion with pinkish tan tint;,Black-Brown-Grey,Melanin,Brown,Yes,NA,NA,NA,58,1000,529,25.79466674,210.4401299,0.162527649,-173.200561,5.510691562,5.510691562,0,21.78569927,0.293341614,NA,NA,NA,0
Paramonacanthus_japonicus,Paramonacanthus,Monacanthidae,M,NA,NA,transparent,Transparent,None,Brown,No,NA,NA,NA,34,46,40,28.09004722,202.7164569,0.155280797,114.7567103,0.462954835,0.462954835,1,29.80150802,1.112308152,NA,Paternal,Monoparental,1
Bairdiella_chrysoura,Bairdiella,Sciaenidae,M,B,F,clear,Transparent,None,Grey,No,NA,NA,NA,NA,NA,NA,22.73713397,222.2735067,0.366050709,-83.0174934,31.36407019,31.36407019,0,9.590141298,-0.510199896,NA,NA,NA,1
Nuchequula_nuchalis,Nuchequula,Leiognathidae,M,B,NA,transparent,Transparent,None,Grey-Yellow,No,NA,NA,NA,NA,NA,NA,NA,NA,NA,NA,NA,NA,0,NA,NA,NA,NA,NA,1
Gobionotothen_gibberifrons,Gobionotothen,Nototheniidae,M,NA,NA,yellow; orange; amber,Yellow-Orange-Amber,Carotenoid,Yellow,Yes,NA,NA,NA,6,429,217.5,NA,NA,NA,NA,NA,NA,0,NA,NA,NA,NA,NA,0
Prognathodes_aculeatus,Prognathodes,Chaetodontidae,M,NA,NA,transparent,Transparent,None,Orange-White,No,NA,NA,NA,1,100,50.5,27.52582789,202.848166,0.080911246,-76.29625978,17.60712067,17.60712067,0,29.56716863,0.582425346,NA,NA,NA,1
Dactylopterus_volitans,Dactylopterus,Dactylopteridae,M,B,NA,transparent,Transparent,None,Blue-Brown-Yellow,No,NA,NA,NA,1,100,50.5,NA,NA,NA,NA,NA,NA,0,NA,NA,NA,NA,NA,1
Lactoria_diaphana,Lactoria,Ostraciidae,M,B,NA,colourless,Transparent,None,Brown-Grey,No,NA,NA,NA,8,50,29,NA,NA,NA,NA,NA,NA,0,NA,NA,NA,None,None,1
Parophrys_vetulus,Parophrys,Pleuronectidae,M,NA,NA,"Thin, transparent envelope",Transparent,None,Brown-White-Yellow,No,NA,NA,NA,0,550,275,NA,NA,NA,NA,NA,NA,0,NA,NA,NA,None,None,1
Platichthys_stellatus,Platichthys,Pleuronectidae,M,B,F,orange; yellow envelope,Yellow-Orange-Amber,Carotenoid,Black-Brown-White,No,NA,NA,NA,0,375,187.5,NA,NA,NA,NA,NA,NA,0,NA,NA,NA,None,None,0
Sphyraena_borealis,Sphyraena,Sphyraenidae,M,NA,NA,transparent,Transparent,None,Grey,No,NA,NA,NA,10,65,37.5,25.192595,213.8280738,0.230500951,-71.31457912,17.47361333,17.47361333,0,18.34488934,0.331828917,NA,NA,NA,1
Balistes_capriscus,Balistes,Balistidae,M,NA,NA,transparent,Transparent,None,Brown-Green-Grey,No,NA,NA,NA,0,100,50,22.0481474,227.1702239,0.278253259,-69.95931205,16.28830708,16.28830708,1,4.650714442,-0.27652456,NA,Biparental,Biparental,1
Myoxocephalus_quadricornis,Myoxocephalus,Cottidae,M,B,F,yellow,Yellow-Orange-Amber,Carotenoid,Brown*,No,NA,NA,NA,0,100,50,2.974423589,354.9324868,0.571741015,66.38424951,68.89917119,68.89917119,1,-124.4299299,4.742441288,NA,NA,NA,0
Hirundichthys_coromandelensis,Hirundichthys,Exocoetidae,M,NA,NA,transparent,Transparent,None,Grey,No,NA,NA,NA,NA,NA,NA,NA,NA,NA,NA,NA,NA,0,NA,NA,NA,None,None,1
Liparis_liparis_barbatus,Liparis,Liparidae,M,NA,NA,transparent,Transparent,None,Brown,No,NA,NA,NA,1,300,150.5,9.478589125,298.4966927,0.584081733,4.336796253,59.99299064,59.99299064,0,-67.76905497,0.637776011,NA,NA,NA,1
Sarda_orientalis,Sarda,Scombridae,M,NA,NA,transparent,Transparent,None,Blue-Grey,No,NA,NA,NA,1,167,84,25.7219539,210.6771336,0.240836969,124.5635832,25.71421507,25.71421507,0,21.53930759,0.265972813,NA,None,None,1
Acipenser_sturio,Acipenser,Acipenseridae,M,B,F,dark grey,Black-Brown-Grey,Melanin,Black-Olive,Yes,NA,NA,NA,4,93,48.5,13.5307317,267.3863549,0.471248417,11.39053646,54.27444117,54.27444117,0,-36.44784702,-1.166360931,NA,None,None,0
Pomacanthus_arcuatus,Pomacanthus,Pomacanthidae,M,NA,NA,transparent,Transparent,None,Grey,No,NA,NA,NA,2,30,16,27.12598301,205.1297403,0.146798403,-72.63045591,15.38341111,15.38341111,0,27.25103627,0.613860117,NA,None,None,1
Pegasus_lancifer,Pegasus,Pegasidae,M,B,NA,transparent,Transparent,None,Brown-Grey,No,NA,NA,NA,20,60,40,16.95618591,244.5426638,0.424522439,135.5698953,-37.05724675,37.05724675,0,-13.36562279,-2.048905089,NA,None,None,1
Acanthurus_nigroris,Acanthurus,Acanthuridae,M,NA,NA,transparent,Transparent,None,Blue-Brown,No,NA,NA,NA,1,90,45.5,25.22716622,210.8806144,0.050165065,-160.2035306,21.90688321,21.90688321,0,21.24736073,-0.182342161,NA,None,None,1
Acanthurus_triostegus,Acanthurus,Acanthuridae,M,NA,NA,transparent,Transparent,None,Green-Grey-Yellow,No,NA,NA,NA,0,90,45,27.59742811,203.7472698,0.145191693,124.2814584,3.912836765,3.912836765,0,28.69706482,0.819982922,NA,None,None,1
Corythoichthys_nigripectus,Corythoichthys,Syngnathidae,M,NA,NA,yellow; orange; amber,Yellow-Orange-Amber,Carotenoid,Orange-White,Yes,NA,NA,NA,5,30,17.5,28.47150751,200.2998476,0.112455244,144.6085808,-3.346059129,3.346059129,2,32.24690076,1.037697034,Monogamy,Paternal,Monoparental,0
Echeneis_naucrates,Echeneis,Echeneidae,M,B,NA,transparent,Transparent,None,Brown-Grey,No,NA,NA,NA,1,85,43,26.69823044,206.8657466,0.192975531,106.9808634,2.391100394,2.391100394,0,25.46576472,0.51641472,NA,None,None,1
Pegusa_lascaris,Pegusa,Soleidae,M,B,NA,transparent,Transparent,None,Brown,No,NA,NA,NA,5,350,177.5,19.47037553,236.7007861,0.391326992,8.123957302,33.01458986,33.01458986,0,-5.192979416,-1.036928983,NA,None,None,1
Aluterus_schoepfii,Aluterus,Monacanthidae,M,NA,NA,green,Green,Green,Grey-Yellow*,No,NA,NA,NA,3,900,451.5,25.37617689,213.051351,0.24854852,-71.02420758,17.88587408,17.88587408,0,19.14220326,0.367761106,NA,NA,NA,0
Serranus_cabrilla,Serranus,Serranidae,M,NA,NA,transparent,Transparent,None,Brown-White,No,NA,NA,NA,5,500,252.5,20.76408015,230.3519568,0.242092973,9.646649567,32.82123762,32.82123762,0,1.285687496,-0.946484709,NA,NA,NA,1
Neoclinus_blanchardi,Neoclinus,Chaenopsidae,M,NA,NA,clear,Transparent,None,Blue-Brown-Green-Grey-Red-Yellow,No,Benthic,0,1,3,73,38,16.74950207,248.4199322,0.749644989,-118.0710457,31.76474885,31.76474885,1,-17.21369084,-1.530927557,NA,NA,NA,1
Orthopristis_chrysoptera,Orthopristis,Haemulidae,M,B,NA,transparent,Transparent,None,Blue-Brown,No,NA,NA,NA,NA,NA,NA,24.44828133,214.4681144,0.263035922,-86.7284393,27.46536456,27.46536456,0,17.57759392,-0.280472115,NA,None,None,1
Hippocampus_fuscus,Hippocampus,Syngnathidae,M,NA,NA,yellow; orange; amber,Yellow-Orange-Amber,Carotenoid,Brown-Green-Yellow,Yes,NA,NA,NA,0,10,5,NA,NA,NA,NA,NA,NA,2,NA,NA,Monogamy,Paternal,Monoparental,0
Polydactylus_oligodon,Polydactylus,Polynemidae,M,B,NA,transparent,Transparent,None,Grey,No,Pelagic,2,2,NA,NA,NA,27.36648539,204.7538629,0.189528642,-52.51925741,-0.078794929,0.078794929,0,27.66508289,0.780265088,NA,NA,NA,1
Holacanthus_tricolor,Holacanthus,Pomacanthidae,M,NA,NA,transparent,Transparent,None,Black-Yellow,No,NA,NA,NA,3,92,47.5,27.1085411,205.1937236,0.148941937,-72.50153368,15.2136431,15.2136431,0,27.18492546,0.608621453,NA,NA,NA,1
Stephanolepis_hispidus,Stephanolepis,Monacanthidae,M,NA,NA,green,Green,Green,Yellow,No,NA,NA,NA,0,293,146.5,24.81903283,215.9409172,0.276985257,-70.06544738,15.82427131,15.82427131,0,16.19943224,0.357709011,NA,NA,NA,0
Solea_ovata,Solea,Soleidae,M,NA,NA,yellow; orange; amber,Yellow-Orange-Amber,Carotenoid,Grey,No,NA,NA,NA,NA,NA,NA,NA,NA,NA,NA,NA,NA,0,NA,NA,NA,None,None,0
Ophidion_scrippsae,Ophidion,Ophidiidae,M,NA,NA,transparent,Transparent,None,Brown-Grey,No,Pelagic,2,2,0,110,55,16.03265376,251.2771918,0.793722613,-119.2672811,33.28514302,33.28514302,0,-20.15441905,-1.703905988,NA,None,None,1
Epinephelus_coioides,Epinephelus,Serranidae,M,B,NA,transparent,Transparent,None,Tan,No,NA,NA,NA,1,0,0.5,27.95263592,202.8016391,0.188024559,122.9714216,0.29979598,0.29979598,0,29.6922574,0.993135275,NA,None,None,1
Hippocampus_bargibanti,Hippocampus,Syngnathidae,M,NA,NA,yellow; orange; amber,Yellow-Orange-Amber,Carotenoid,Grey-Red,Yes,NA,NA,NA,16,40,28,27.78431951,203.1977558,0.201924006,130.7477422,2.913838897,2.913838897,2,29.27174898,0.901420924,Monogamy,Paternal,Monoparental,0
Bathymaster_derjugini,Bathymaster,Bathymasteridae,M,NA,NA,white,White,Guanine,Grey,No,NA,NA,NA,0,65,32.5,6.559793682,314.9060771,0.709802926,151.7736774,47.37615601,47.37615601,1,-84.43499297,0.821552045,NA,NA,NA,0
Corythoichthys_intestinalis,Corythoichthys,Syngnathidae,M,NA,NA,yellow; orange; amber,Yellow-Orange-Amber,Carotenoid,Yellow,Yes,Benthic,0,1,20,68,44,28.4200112,200.6951593,0.125630122,137.4719648,-2.754582551,2.754582551,2,31.84890834,1.060615199,Monogamy,Paternal,Monoparental,0
Labrus_bergylta,Labrus,Labridae,M,NA,NA,white,White,Guanine,Blue-Orange-White,Yes,Demersal,1,0,1,50,25.5,12.23850695,279.6302315,0.508540239,1.754666438,55.01404439,55.01404439,1,-48.71844934,-0.159048819,NA,Paternal,Monoparental,0
Pseudogramma_polyacantha,Pseudogramma,Serranidae,M,NA,NA,red,Red,Carotenoid,Brown,No,NA,NA,NA,1,65,33,28.20886122,201.4915695,0.12956081,128.9095895,-1.410306626,1.410306626,0,31.02712361,1.0012571,NA,NA,NA,0
Seriola_dumerili,Seriola,Carangidae,M,NA,NA,"yellow, transparent",Yellow-Orange-Amber,Carotenoid,Grey-Yellow*,Yes,Pelagic,2,2,1,60,30.5,25.32135733,212.6963339,0.225450856,92.11916222,3.229939471,3.229939471,0,19.48083244,0.247875298,NA,None,None,0
Anchoa_lyolepis,Anchoa,Engraulidae,M,NA,NA,transparent,Transparent,None,Grey,No,NA,NA,NA,1,54,27.5,26.54302103,207.6261643,0.203109983,-70.03527196,14.81820952,14.81820952,0,24.68974789,0.505327804,NA,None,None,1
Alosa_aestivalis,Alosa,Clupeidae,M,B,F,yellow; orange; amber,Yellow-Orange-Amber,Carotenoid,Grey,No,NA,NA,NA,5,55,30,14.47473525,267.1144056,0.742275957,-73.27918022,40.04187629,40.04187629,0,-36.00508536,-0.289399564,NA,None,None,0
Cynoscion_nebulosus,Cynoscion,Sciaenidae,M,B,NA,transparent,Transparent,None,Black-Grey,No,NA,NA,NA,NA,NA,NA,24.23204561,215.38989,0.279384544,-85.54962446,28.56178267,28.56178267,0,16.63168495,-0.321513023,NA,None,None,1
Acipenser_brevirostrum,Acipenser,Acipenseridae,M,B,F,yellow; orange; amber,Yellow-Orange-Amber,Carotenoid,Brown-Yellow,Yes,NA,NA,NA,6,53,29.5,15.71914556,257.6979418,0.86963546,-77.07351441,37.45656354,37.45656354,0,-26.52146484,-0.817877869,NA,None,None,0
Lactoria_fornasini,Lactoria,Ostraciidae,M,NA,NA,colourless,Transparent,None,Brown-Green-Yellow,No,NA,NA,NA,5,132,68.5,NA,NA,NA,NA,NA,NA,0,NA,NA,NA,None,None,1
Gobius_niger,Gobius,Gobiidae,M,B,NA,transparent,Transparent,None,Brown,No,Demersal,1,0,1,96,48.5,16.20889143,260.6362339,0.319294799,12.74303748,47.98108767,47.98108767,1,-29.31742157,0.209758959,NA,NA,NA,1
Balistapus_undulatus,Balistapus,Balistidae,M,NA,NA,transparent,Transparent,None,Brown-Green-Orange,No,Demersal,1,0,2,50,26,NA,NA,NA,NA,NA,NA,1,NA,NA,Monogamy,Biparental,Biparental,1
Diodon_hystrix,Diodon,Diodontidae,M,NA,NA,clear,Transparent,None,Black-Grey-Tan,No,NA,NA,NA,2,50,26,27.14980941,205.2235081,0.172245525,105.856647,0.628973744,0.628973744,0,27.16333521,0.65470888,NA,None,None,1
Doryrhamphus_excisus_excisus,Doryrhamphus,Syngnathidae,M,NA,NA,yellow; orange; amber,Yellow-Orange-Amber,Carotenoid,Blue-Orange,Yes,NA,NA,NA,2,0,1,NA,NA,NA,NA,NA,NA,2,NA,NA,NA,NA,NA,0
Caesio_caerulaurea,Caesio,Caesionidae,M,NA,NA,transparent,Transparent,None,Blue-Grey-Yellow,No,Pelagic,2,2,1,50,25.5,28.08486374,201.9523668,0.139987493,127.2010173,-1.897938915,1.897938915,0,30.55130491,0.965117209,NA,None,None,1
Opisthonema_oglinum,Opisthonema,Clupeidae,M,NA,NA,clear,Transparent,None,Blue-Grey,No,NA,NA,NA,1,50,25.5,25.6169003,211.5375312,0.233971707,-71.07133123,15.06176292,15.06176292,0,20.67438245,0.322760028,NA,None,None,1
Coris_julis,Coris,Labridae,M,NA,NA,transparent,Transparent,None,Blue-Brown-Green-Orange-White,No,NA,NA,NA,0,120,60,18.62334707,237.6315341,0.205012437,9.930063601,37.88524624,37.88524624,0,-6.265012838,-1.696090113,NA,None,None,1
Tautoga_onitis,Tautoga,Labridae,M,B,NA,transparent,Transparent,None,Brown-Grey,No,NA,NA,NA,1,75,38,14.41589259,261.2653508,0.66149634,-70.66885339,40.47643612,40.47643612,0,-30.26900789,-1.434964842,NA,NA,NA,1
Centropyge_argi,Centropyge,Pomacanthidae,M,NA,NA,transparent,Transparent,None,Blue-Orange-Yellow,No,Pelagic,2,2,5,80,42.5,27.14566112,204.9241248,0.120464406,-78.32831823,19.33296587,19.33296587,0,27.45672444,0.594956623,Monogamy,None,None,1
Fundulus_bermudae,Fundulus,Fundulidae,M,B,F,transparent,Transparent,None,Brown,No,NA,NA,NA,NA,NA,NA,NA,NA,NA,NA,NA,NA,NA,NA,NA,NA,NA,NA,1
Photoblepharon_palpebratum,Photoblepharon,Anomalopidae,M,NA,NA,transparent,Transparent,None,Black-Blue,No,NA,NA,NA,0,50,25,NA,NA,NA,NA,NA,NA,0,NA,NA,NA,NA,NA,1
Histrio_histrio,Histrio,Antennariidae,M,NA,NA,transparent,Transparent,None,Brown-Yellow,No,Pelagic,2,2,0,50,25,25.74581943,212.3006122,0.222626483,108.5506479,3.394837362,3.394837362,0,19.94858818,0.59134044,NA,None,None,1
Bagre_marinus,Bagre,Ariidae,M,B,NA,golden yellow,Yellow-Orange-Amber,Carotenoid,Grey,No,Demersal,1,0,0,50,25,25.97214313,209.8275401,0.252403635,-72.31995727,15.59969904,15.59969904,2,22.42060799,0.353798636,Polygamy,Paternal,Monoparental,0
Pterocaesio_digramma,Pterocaesio,Caesionidae,M,NA,NA,transparent,Transparent,None,Blue-Grey-Yellow,No,Pelagic,2,2,0,50,25,27.86446444,203.147548,0.16765494,128.851885,-0.969687591,0.969687591,0,29.33598548,0.970830611,NA,None,None,1
Trachurus_trachurus,Trachurus,Carangidae,M,NA,NA,yellow,Yellow-Orange-Amber,Carotenoid,Blue-Grey,No,NA,NA,NA,0,50,25,18.61384352,239.4657523,0.360818201,3.011041329,35.49600743,35.49600743,0,-8.06900123,-1.364318199,NA,None,None,0
Brevoortia_tyrannus,Brevoortia,Clupeidae,M,B,NA,transparent,Transparent,None,Grey,No,Pelagic,2,2,0,50,25,15.0805732,260.8061954,0.563090491,-70.08334696,39.96754742,39.96754742,0,-29.69425157,-0.867268472,NA,None,None,1
Escualosa_thoracata,Escualosa,Clupeidae,M,B,F,yellow,Yellow-Orange-Amber,Carotenoid,Grey,No,NA,NA,NA,0,50,25,28.47074239,202.066293,0.177984009,116.0175882,0.817350954,0.817350954,0,30.51112798,1.365451228,NA,None,None,0
Anchoa_hepsetus,Anchoa,Engraulidae,M,B,NA,transparent,Transparent,None,Green-Grey,No,NA,NA,NA,1,70,35.5,25.81004207,211.3360497,0.262161355,-70.69315177,12.73095351,12.73095351,0,20.90826777,0.475062991,NA,None,None,1
Cetengraulis_edentulus,Cetengraulis,Engraulidae,M,B,NA,Translucent,Transparent,None,Green-Grey,No,NA,NA,NA,NA,NA,NA,27.45227056,204.0371279,0.166996037,-65.25457339,8.060393506,8.060393506,0,28.38526822,0.731262516,NA,None,None,1
Stolephorus_baganensis,Stolephorus,Engraulidae,M,B,NA,transparent,Transparent,None,Grey,No,NA,NA,NA,0,0,0,28.92422199,202.3527115,0.172408457,105.9951655,3.339419796,3.339419796,0,30.31403957,1.864285329,NA,None,None,1
Thryssa_hamiltonii,Thryssa,Engraulidae,M,B,NA,transparent,Transparent,None,Grey-Yellow,No,NA,NA,NA,10,13,11.5,28.25746379,202.668607,0.189357942,111.0064238,5.362058289,5.362058289,0,29.87965767,1.267905559,NA,None,None,1
Lutjanus_kasmira,Lutjanus,Lutjanidae,M,NA,NA,transparent,Transparent,None,Grey-Yellow,No,NA,NA,NA,3,65,34,27.74417573,202.9489782,0.145038549,126.4404626,0.268023079,0.268023079,0,29.50872122,0.815712249,NA,None,None,1
Syngnathus_louisianae,Syngnathus,Syngnathidae,M,NA,NA,yellow; orange; amber,Yellow-Orange-Amber,Carotenoid,Tan-White,No,NA,NA,NA,NA,NA,NA,24.73915625,213.5641066,0.245396102,-86.23221213,27.80385336,27.80385336,2,18.5199257,-0.162789778,NA,Paternal,Monoparental,0
Alosa_sapidissima,Alosa,Clupeidae,M,B,F,transparent,Transparent,None,Blue-Green-Grey,No,NA,NA,NA,NA,NA,NA,NA,NA,NA,NA,NA,NA,NA,NA,NA,NA,None,None,1
Acipenser_oxyrinchus,Acipenser,Acipenseridae,M,B,F,yellow; orange; amber,Yellow-Orange-Amber,Carotenoid,Black-Bluish,No,NA,NA,NA,1,46,23.5,11.8160391,289.6171614,0.799390479,-69.33116697,43.94107579,43.94107579,0,-58.60972772,1.283123115,NA,None,None,0
Hippocampus_zosterae,Hippocampus,Syngnathidae,M,NA,NA,yellow; orange; amber,Yellow-Orange-Amber,Carotenoid,Black-Green-Yellow,Yes,Benthic,0,1,0,5,2.5,25.45650903,211.0937645,0.160270979,-87.10375491,26.4287635,26.4287635,2,21.08057984,0.082639396,Monogamy,Paternal,Monoparental,0
Entelurus_aequoreus,Entelurus,Syngnathidae,M,B,NA,yellow; orange; amber,Yellow-Orange-Amber,Carotenoid,Green-Yellow,Yes,NA,NA,NA,5,100,52.5,11.61653297,276.5416224,0.526300828,-5.202069562,53.67421176,53.67421176,2,-45.7993883,-1.344561555,NA,Paternal,Monoparental,0
Phycodurus_eques,Phycodurus,Syngnathidae,M,NA,NA,yellow; orange; amber,Yellow-Orange-Amber,Carotenoid,Green-Yellow,Yes,NA,NA,NA,4,30,17,17.80479191,240.1419649,0.347463985,129.1788451,-34.78399369,34.78399369,2,-8.88387696,-2.033500935,NA,Paternal,Monoparental,0
Dascyllus_marginatus,Dascyllus,Pomacentridae,M,NA,NA,translucent,Transparent,None,Black-White-Yellow,No,Pelagic,2,2,1,15,8,NA,NA,NA,NA,NA,NA,1,NA,NA,Monogamy,Paternal,Monoparental,1
Oreochromis_shiranus,Oreochromis,Cichlidae,NA,B,F,yellow; orange; amber,Yellow-Orange-Amber,Carotenoid,Blue-Red-Yellow,Yes,NA,NA,NA,NA,NA,NA,NA,NA,NA,NA,NA,NA,NA,NA,NA,NA,NA,NA,0
Acanthurus_bahianus,Acanthurus,Acanthuridae,M,NA,NA,transparent,Transparent,None,Blue-Grey-Yellow,No,NA,NA,NA,2,40,21,26.18842381,206.6505607,0.136388404,-37.77106405,-12.56290561,12.56290561,0,25.58238802,-0.024516678,NA,NA,NA,1
Amphiprion_clarkii,Amphiprion,Pomacentridae,M,NA,NA,yellow; orange; amber,Yellow-Orange-Amber,Carotenoid,Brown-Yellow,Yes,NA,NA,NA,1,0,0.5,NA,NA,NA,NA,NA,NA,1,NA,NA,Monogamy,Paternal,Monoparental,0
Thunnus_alalunga,Thunnus,Scombridae,M,NA,NA,transparent,Transparent,None,Blue-Grey,No,NA,NA,NA,0,0,0,23.1840371,220.9055684,0.149416322,58.92835602,1.420262938,1.420262938,0,11.01732708,-0.325488382,NA,None,None,1
Hippocampus_histrix,Hippocampus,Syngnathidae,M,NA,NA,yellow; orange; amber,Yellow-Orange-Amber,Carotenoid,Red-White,Yes,NA,NA,NA,1,82,41.5,26.19569891,211.4380407,0.244129112,122.0165298,13.06769903,13.06769903,2,20.87977659,0.872959479,Monogamy,Paternal,Monoparental,0
Siganus_canaliculatus,Siganus,Siganidae,M,B,NA,transparent,Transparent,None,Brown-Grey,No,NA,NA,NA,1,50,25.5,28.1647859,202.3877239,0.169915098,118.0438529,-0.081442947,0.081442947,0,30.13840557,1.124608548,NA,None,None,1
Gobiusculus_flavescens,Gobiusculus,Gobiidae,M,B,NA,brown; black; gray,Black-Brown-Grey,Melanin,Black-Yellow,Yes,NA,NA,NA,NA,NA,NA,11.04924787,293.9714652,0.523635713,-5.040738804,52.09775711,52.09775711,1,-63.03067269,1.339478405,NA,NA,NA,0
Ciliata_septentrionalis,Ciliata,Lotidae,M,B,NA,yellow; orange; amber,Yellow-Orange-Amber,Carotenoid,Grey,No,NA,NA,NA,10,90,50,10.05303746,282.954314,0.656694509,3.991208389,60.93365922,60.93365922,0,-52.39097649,-1.688213852,NA,None,None,0
Chaetodipterus_zonatus,Chaetodipterus,Ephippidae,M,NA,NA,transparent,Transparent,None,Black-Grey,No,NA,NA,NA,3,50,26.5,23.90019216,216.4818443,0.49472323,-96.12389682,13.39230906,13.39230906,0,15.49706453,-0.444506613,NA,NA,NA,1
Trachelochismus_pinnulatus,Trachelochismus,Gobiesocidae,M,NA,NA,yellow/red,Variety,Carotenoid,Yellow*,Yes,NA,NA,NA,0,12,6,NA,NA,NA,NA,NA,NA,0,NA,NA,NA,NA,NA,0
Pseudophallus_mindii,Pseudophallus,Syngnathidae,NA,B,F,yellow; orange; amber,Yellow-Orange-Amber,Carotenoid,Brown,No,NA,NA,NA,NA,NA,NA,15.74717484,270.9597921,0.312606077,-40.95541741,77.74880833,77.74880833,2,-39.546755,1.675969618,NA,Paternal,Monoparental,0
Dorosoma_cepedianum,Dorosoma,Clupeidae,M,B,F,yellow; orange; amber,Yellow-Orange-Amber,Carotenoid,Grey,No,NA,NA,NA,0,33,16.5,NA,NA,NA,NA,NA,NA,0,NA,NA,NA,None,None,0
Haemulon_plumierii,Haemulon,Haemulidae,M,NA,NA,transparent,Transparent,None,Blue-Grey-Yellow,No,Demersal,1,0,3,40,21.5,26.73403067,206.5787872,0.175522073,-71.96430541,14.99202636,14.99202636,0,25.754376,0.498224572,Monogamy,None,None,1
Genyonemus_lineatus,Genyonemus,Sciaenidae,M,NA,NA,transparent envelope,Transparent,None,Brown-Yellow,No,NA,NA,NA,NA,NA,NA,15.45916637,257.1432304,0.870269725,-120.2029356,37.09685469,37.09685469,0,-26.0247785,-1.176481544,NA,None,None,1
Archosargus_probatocephalus,Archosargus,Sparidae,M,B,NA,transparent,Transparent,None,Black-Grey,No,NA,NA,NA,NA,NA,NA,21.18251657,236.2095164,0.364558381,-65.21798154,23.26995739,23.26995739,0,-4.391872734,0.553983001,NA,NA,NA,1
Platichthys_flesus,Platichthys,Pleuronectidae,M,B,F,transparent,Transparent,None,Brown-White,No,Pelagic,2,2,1,100,50.5,12.15426145,284.6624291,0.450327442,17.89361596,58.52310306,58.52310306,0,-53.67852946,0.694013425,NA,None,None,1
Pomacanthus_paru,Pomacanthus,Pomacanthidae,M,NA,NA,transparent,Transparent,None,Black-Yellow,No,Demersal,1,0,3,100,51.5,26.96480967,205.6923024,0.154414333,-71.1492933,13.43791127,13.43791127,0,26.66831442,0.560118091,Monogamy,None,None,1
Chasmodes_bosquianus,Chasmodes,Blenniidae,M,B,NA,pale yellow to orange,Yellow-Orange-Amber,Carotenoid,Black-Brown-Orange*,Yes,Demersal,1,0,1,30,15.5,20.81748649,227.6787035,0.607785376,-77.1188206,34.92709146,34.92709146,1,3.92223897,-1.391155111,NA,NA,NA,0
Plotosus_lineatus,Plotosus,Plotosidae,M,B,NA,yellow,Yellow-Orange-Amber,Carotenoid,Black-White,No,Demersal,1,0,1,60,30.5,NA,NA,NA,NA,NA,NA,1,NA,NA,NA,NA,NA,0
Chirolophis_ascanii,Chirolophis,Stichaeidae,M,NA,NA,transparent,Transparent,None,Brown,No,NA,NA,NA,10,400,205,NA,NA,NA,NA,NA,NA,1,NA,NA,NA,Maternal,Monoparental,1
Corythoichthys_flavofasciatus,Corythoichthys,Syngnathidae,M,NA,NA,yellow; orange; amber,Yellow-Orange-Amber,Carotenoid,Black-Green-Yellow,Yes,NA,NA,NA,NA,NA,NA,28.09469519,201.4387213,0.143957092,133.1780591,-0.313572381,0.313572381,2,31.05781843,0.879254467,Monogamy,Paternal,Monoparental,0
Nematalosa_nasus,Nematalosa,Clupeidae,M,B,F,transparent,Transparent,None,Green-Grey,No,NA,NA,NA,0,30,15,25.93388528,213.9302582,0.32993017,98.18676066,23.10465981,23.10465981,0,18.3823453,1.079190932,NA,None,None,1
Sillago_sihama,Sillago,Sillaginidae,M,B,NA,transparent,Transparent,None,Grey-Tan,No,NA,NA,NA,0,0,0,27.26629984,206.0457464,0.232941406,103.8899504,3.98629554,3.98629554,0,26.37710425,0.922078892,NA,None,None,1
Salvelinus_alpinus_erythrinus,Salvelinus,Salmonidae,M,B,F,yellow; orange; amber,Yellow-Orange-Amber,Carotenoid,Grey-Orange,Yes,NA,NA,NA,0,70,35,NA,NA,NA,NA,NA,NA,0,NA,NA,Polygamy,None,None,0
Hippocampus_whitei,Hippocampus,Syngnathidae,M,NA,NA,yellow; orange; amber,Yellow-Orange-Amber,Carotenoid,Black-Brown-Yellow,Yes,Benthic,0,1,1,46,23.5,23.04238086,216.6249533,0.327421099,153.2706239,-29.18402764,29.18402764,2,15.19692479,-1.260739757,Monogamy,Paternal,Monoparental,0
Gymnocephalus_cernua,Gymnocephalus,Percidae,NA,B,F,white,White,Guanine,Brown-Yellow,No,Demersal,1,0,NA,NA,NA,4.965252734,351.8635637,0.738948061,NA,NA,NA,0,-121.0443083,6.127813406,NA,None,None,0
Sphoeroides_maculatus,Sphoeroides,Tetraodontidae,M,B,NA,transparent,Transparent,None,Brown-White-Yellow,No,NA,NA,NA,10,183,96.5,10.41603097,293.1390425,0.624339727,-62.29380801,44.72495397,44.72495397,1,-62.33053065,0.56250201,NA,NA,NA,1
Oreochromis_niloticus,Oreochromis,Cichlidae,NA,B,F,yellow; orange; amber,Yellow-Orange-Amber,Carotenoid,Grey,No,NA,NA,NA,NA,NA,NA,NA,NA,NA,NA,NA,NA,NA,NA,NA,Polygamy,Maternal,Monoparental,0
Thryssa_mystax,Thryssa,Engraulidae,M,B,NA,transparent,Transparent,None,Grey-Yellow,No,NA,NA,NA,0,50,25,28.3183065,202.6931872,0.186742593,112.0318516,4.152249042,4.152249042,1,29.86682118,1.332258074,NA,None,None,1
Sciaena_umbra,Sciaena,Sciaenidae,M,B,NA,transparent,Transparent,None,Brown-Grey,No,NA,NA,NA,1,200,100.5,19.094101,237.5297642,0.231594282,11.92009754,38.29527883,38.29527883,0,-6.077472133,-1.252474447,NA,None,None,1
Parablennius_ruber,Parablennius,Blenniidae,M,NA,NA,orange,Yellow-Orange-Amber,Carotenoid,Brown-Orange-White,Yes,Demersal,1,0,2,20,11,15.25127318,254.3788039,0.427350148,-6.716080975,53.68722172,53.68722172,1,-23.34723819,-1.8948487,NA,NA,NA,0
Chaetodon_capistratus,Chaetodon,Chaetodontidae,M,NA,NA,transparent,Transparent,None,Grey-Yellow,No,NA,NA,NA,2,20,11,26.24470635,208.1433112,0.162700978,-79.10310198,21.61455206,21.61455206,0,24.1261448,0.308390944,NA,None,None,1
Cantherhines_pullus,Cantherhines,Monacanthidae,M,NA,NA,green,Green,Green,Green*,Yes,NA,NA,NA,3,50,26.5,26.31246971,208.6477572,0.19757206,-71.80778212,16.58152999,16.58152999,0,23.64310061,0.468784056,NA,NA,NA,0
Hippocampus_hippocampus,Hippocampus,Syngnathidae,M,NA,NA,yellow; orange; amber,Yellow-Orange-Amber,Carotenoid,Brown-Red-Yellow,Yes,Benthic,0,1,NA,NA,NA,17.92776402,240.6998172,0.317316318,4.052999608,42.77959405,42.77959405,2,-9.409128624,-1.808930194,NA,Paternal,Monoparental,0
Zebrasoma_xanthurum,Zebrasoma,Acanthuridae,M,NA,NA,transparent,Transparent,None,Blue-Yellow,No,NA,NA,NA,0,20,10,27.76506799,200.7820498,0.201629199,48.5301617,20.80412055,20.80412055,0,31.64173377,0.433256236,NA,None,None,1
Arius_subrostratus,Arius,Ariidae,M,B,NA,yellow,Yellow-Orange-Amber,Carotenoid,Grey,No,Demersal,1,0,0,20,10,NA,NA,NA,NA,NA,NA,2,NA,NA,NA,Paternal,Monoparental,0
Hirundichthys_rondeletii,Hirundichthys,Exocoetidae,M,NA,NA,transparent,Transparent,None,Black-Grey,No,NA,NA,NA,NA,NA,NA,19.34100273,231.0210313,0.815757542,-74.98899922,-21.1967495,21.1967495,0,0.363634925,-2.220309299,NA,None,None,1
Umbrina_roncador,Umbrina,Sciaenidae,M,NA,NA,transparent,Transparent,None,Grey-Yellow,No,Pelagic,2,2,10,60,35,20.83193454,230.5447185,0.324552261,-114.207387,28.27636082,28.27636082,0,1.10890733,-0.843966105,NA,None,None,1
Sarda_chiliensis_chiliensis,Sarda,Scombridae,M,NA,NA,"clear, pinkish",Pink,Carotenoid,Grey,No,NA,NA,NA,0,100,50,15.47990129,256.5111564,0.602217361,-129.4742529,46.99487106,46.99487106,0,-25.39987469,-1.27365518,NA,None,None,0
Xiphister_mucosus,Xiphister,Stichaeidae,M,NA,NA,white envelope,White,Guanine,Black-Grey,No,Benthic,0,1,0,18,9,10.11149988,291.6455012,1.130860794,NA,NA,NA,1,-60.91967724,-0.014470633,NA,Paternal,Monoparental,0
Hippocampus_breviceps,Hippocampus,Syngnathidae,M,NA,NA,yellow; orange; amber,Yellow-Orange-Amber,Carotenoid,Grey-Orange,Yes,NA,NA,NA,NA,NA,NA,17.4223825,242.0823037,0.427552868,143.4059034,-38.14156695,38.14156695,2,-10.86148405,-2.048394436,NA,Paternal,Monoparental,0
Hippocampus_comes,Hippocampus,Syngnathidae,M,NA,NA,yellow; orange; amber,Yellow-Orange-Amber,Carotenoid,Black-Yellow,Yes,Benthic,0,1,15,30,22.5,28.91388197,201.1033754,0.149909441,113.0497314,4.979325189,4.979325189,2,31.53965858,1.621786571,Monogamy,Paternal,Monoparental,0
Hippocampus_reidi,Hippocampus,Syngnathidae,M,B,NA,yellow; orange; amber,Yellow-Orange-Amber,Carotenoid,Black-Yellow,Yes,Benthic,0,1,0,55,27.5,26.91334963,205.624138,0.134297711,-75.50715713,18.33718903,18.33718903,2,26.7257197,0.496879212,Monogamy,Paternal,Monoparental,0
Bothragonus_swanii,Bothragonus,Agonidae,M,NA,NA,brown ,Black-Brown-Grey,Melanin,Brown-Orange,Yes,NA,NA,NA,0,18,9,9.917896834,292.8595728,1.298849831,NA,NA,NA,0,-62.14857423,0.021084621,NA,NA,NA,0
Leuresthes_tenuis,Leuresthes,Atherinopsidae,M,NA,NA,yellow-green to orange,Yellow-Orange-Amber,Carotenoid,Grey,No,Pelagic,2,2,0,18,9,NA,NA,NA,NA,NA,NA,0,NA,NA,NA,Maternal,Monoparental,0
Membras_martinica,Membras,Atherinopsidae,M,NA,NA,slightly yellow,Yellow-Orange-Amber,Carotenoid,Yellowish,Yes,NA,NA,NA,3,15,9,23.355178,220.4340706,0.365562901,-85.20054914,29.78964983,29.78964983,0,11.51242688,-0.245017442,NA,NA,NA,0
Parablennius_tentacularis,Parablennius,Blenniidae,M,B,NA,yellow; orange; amber,Yellow-Orange-Amber,Carotenoid,Brown*-White,No,Demersal,1,0,3,15,9,18.85658362,239.2815467,0.178275644,15.926076,40.00934589,40.00934589,1,-7.842866629,-1.160069328,Polygamy,Paternal,Monoparental,0
Astroscopus_guttatus,Astroscopus,Uranoscopidae,M,NA,NA,transparent,Transparent,None,Brown-White,No,NA,NA,NA,NA,NA,NA,20.53919276,228.0000152,0.59480098,-76.70044175,35.18323141,35.18323141,0,3.554778117,-1.604839764,NA,NA,NA,1
Amblyglyphidodon_leucogaster,Amblyglyphidodon,Pomacentridae,M,NA,NA,pink,Pink,Carotenoid,Grey-Yellow,Yes,NA,NA,NA,2,45,23.5,28.63604326,200.745033,0.141494917,126.6359649,-0.506112912,0.506112912,1,31.84008016,1.282153683,NA,Paternal,Monoparental,0
Muraenolepis_microps,Muraenolepis,Muraenolepididae,M,NA,NA,yellow; orange; amber,Yellow-Orange-Amber,Carotenoid,Brown-Grey,No,NA,NA,NA,10,1600,805,NA,NA,NA,NA,NA,NA,0,NA,NA,NA,None,None,0
Syngnathus_schlegeli,Syngnathus,Syngnathidae,M,B,NA,yellow; orange; amber,Yellow-Orange-Amber,Carotenoid,Brown,No,Benthic,0,1,NA,NA,NA,NA,NA,NA,NA,NA,NA,2,NA,NA,NA,Paternal,Monoparental,0
Encrasicholina_heteroloba,Encrasicholina,Engraulidae,M,NA,NA,transparent,Transparent,None,Green-Grey,No,NA,NA,NA,20,0,10,28.20344798,202.4726376,0.192367637,108.5829402,5.316797848,5.316797848,0,30.06216314,1.178387591,NA,None,None,1
Oreochromis_mossambicus,Oreochromis,Cichlidae,NA,B,F,yellow; orange; amber,Yellow-Orange-Amber,Carotenoid,Grey,No,NA,NA,NA,1,12,6.5,NA,NA,NA,NA,NA,NA,2,NA,NA,NA,NA,NA,0
Abudefduf_saxatilis,Abudefduf,Pomacentridae,M,NA,NA,"red, salmon, pink",Variety,Carotenoid,Black-White-Yellow,Yes,NA,NA,NA,0,20,10,26.72089702,206.4495012,0.150481634,-79.45241826,20.40880634,20.40880634,1,25.87896419,0.461276707,Monogamy,Paternal,Monoparental,0
Corythoichthys_paxtoni,Corythoichthys,Syngnathidae,M,NA,NA,yellow; orange; amber,Yellow-Orange-Amber,Carotenoid,Yellow,Yes,NA,NA,NA,NA,NA,NA,25.78530733,208.4761761,0.130160792,148.3676353,-18.66322822,18.66322822,2,23.71365213,-0.081091141,Monogamy,Paternal,Monoparental,0
Chilomycterus_schoepfii,Chilomycterus,Diodontidae,M,NA,NA,transparent,Transparent,None,Brown-Pink-Yellow,No,NA,NA,NA,1,11,6,23.28349121,226.1528123,0.39848898,-75.56352889,34.88556117,34.88556117,0,5.880114683,0.748061083,NA,None,None,1
Amphiprion_bicinctus,Amphiprion,Pomacentridae,M,NA,NA,yellow; orange; amber,Yellow-Orange-Amber,Carotenoid,Orange-White,Yes,NA,NA,NA,1,30,15.5,28.02332863,199.0302379,0.155771897,41.96474768,18.27179935,18.27179935,1,33.41101478,0.361227052,Monogamy,Paternal,Monoparental,0
Channa_striata,Channa,Channidae,NA,B,F,yellow; orange,Yellow-Orange-Amber,Carotenoid,Brown-White*,No,Pelagic,2,2,1,10,5.5,NA,NA,NA,NA,NA,NA,1,NA,NA,NA,NA,NA,0
Nerophis_lumbriciformis,Nerophis,Syngnathidae,M,NA,NA,yellow; orange; amber,Yellow-Orange-Amber,Carotenoid,Brown-Green,No,NA,NA,NA,0,30,15,12.71380084,269.7138137,0.594453907,-2.496225256,53.02726366,53.02726366,2,-38.88662894,-1.536203102,NA,Paternal,Monoparental,0
Syngnathus_floridae,Syngnathus,Syngnathidae,M,NA,NA,yellow; orange; amber,Yellow-Orange-Amber,Carotenoid,Brown-White,No,Benthic,0,1,NA,NA,NA,25.68968774,209.8006496,0.187260958,-86.21528103,24.85362754,24.85362754,2,22.39450114,0.071269736,NA,Paternal,Monoparental,0
Scomberomorus_maculatus,Scomberomorus,Scombridae,M,B,NA,transparent,Transparent,None,Blue-Grey,No,NA,NA,NA,10,35,22.5,24.04495505,215.8142644,0.265351939,-84.86532989,29.11110695,29.11110695,0,16.17992034,-0.42641893,NA,None,None,1
Hippocampus_guttulatus,Hippocampus,Syngnathidae,M,B,NA,yellow; orange; amber,Yellow-Orange-Amber,Carotenoid,Green-Red-Yellow,Yes,Benthic,0,1,1,20,10.5,16.95355164,248.1883227,0.32481736,10.14723461,44.88371672,44.88371672,2,-16.94817456,-1.373509982,NA,Paternal,Monoparental,0
Micrognathus_crinitus,Micrognathus,Syngnathidae,M,NA,NA,yellow; orange; amber,Yellow-Orange-Amber,Carotenoid,Orange,Yes,NA,NA,NA,1,21,11,27.28665364,204.4197531,0.146875572,-66.3529294,10.15493726,10.15493726,2,27.97851797,0.639691548,NA,Paternal,Monoparental,0
Syngnathus_acus,Syngnathus,Syngnathidae,M,B,NA,yellow; orange; amber,Yellow-Orange-Amber,Carotenoid,Brown,No,NA,NA,NA,0,10,5,16.6708686,249.7508956,0.392444784,8.217451137,46.7585177,46.7585177,2,-18.5360596,-1.360669948,NA,Paternal,Monoparental,0
Nerophis_maculatus,Nerophis,Syngnathidae,M,NA,NA,yellow; orange; amber,Yellow-Orange-Amber,Carotenoid,Orange,Yes,NA,NA,NA,NA,NA,NA,19.40259335,232.1575634,0.119714978,14.04153984,39.6162529,39.6162529,2,-0.741616828,-1.948432153,NA,Paternal,Monoparental,0
Lepadogaster_candolii,Lepadogaster,Gobiesocidae,M,NA,NA,yellow; orange; amber,Yellow-Orange-Amber,Carotenoid,Orange,Yes,NA,NA,NA,NA,NA,NA,NA,NA,NA,NA,NA,NA,0,NA,NA,NA,NA,NA,0
Opsanus_tau,Opsanus,Batrachoididae,M,B,NA,golden to dirty yellow,Yellow-Orange-Amber,Carotenoid,Brown*-Orange,Yes,NA,NA,NA,0,5,2.5,19.35518905,236.3437608,0.553285777,-75.54745175,35.99039817,35.99039817,1,-4.863603513,-1.216502101,NA,Paternal,Monoparental,0
Coryphaena_hippurus,Coryphaena,Coryphaenidae,M,B,NA,transparent,Transparent,None,Blue-Green-Yellow,No,NA,NA,NA,0,5,2.5,25.32187227,211.6415174,0.132490121,-85.76278199,3.867054489,3.867054489,0,20.51734386,0.052216961,NA,None,None,1
Ilypnus_gilberti,Ilypnus,Gobiidae,M,NA,NA,yellow; orange; amber,Yellow-Orange-Amber,Carotenoid,Brown*-Grey,No,NA,NA,NA,NA,NA,NA,18.74367393,239.3773544,0.558546046,-116.6915141,31.24018705,31.24018705,1,-7.958000825,-1.253191991,NA,NA,NA,0
Labrisomus_nuchipinnis,Labrisomus,Labrisomidae,M,NA,NA,yellow; orange; amber,Yellow-Orange-Amber,Carotenoid,Black-Blue-Green-Red,Yes,Benthic,0,1,0,10,5,27.22377165,203.9078323,0.087206781,-77.70442958,18.82728224,18.82728224,1,28.46981435,0.482704564,Polygamy,NA,NA,0
Eubleekeria_splendens,Eubleekeria,Leiognathidae,M,B,NA,translucent,Transparent,None,Grey-Yellow,No,NA,NA,NA,10,100,55,28.082125,203.6170799,0.257096914,116.0072794,2.864431536,2.864431536,0,28.91512272,1.27201305,NA,None,None,1
Lethrinus_nebulosus,Lethrinus,Lethrinidae,M,B,NA,transparent,Transparent,None,Blue-Brown-Yellow,No,Pelagic,2,2,10,75,42.5,27.67490654,203.2633731,0.171305835,128.0293035,-1.063891488,1.063891488,0,29.18692881,0.806119472,Monogamy,None,None,1
Corythoichthys_schultzi,Corythoichthys,Syngnathidae,M,NA,NA,yellow; orange; amber,Yellow-Orange-Amber,Carotenoid,Brown-White-Yellow,Yes,Benthic,0,1,2,30,16,28.23958831,200.9073558,0.115207923,128.6414464,-1.702258562,1.702258562,2,31.60686026,0.922801909,Monogamy,Paternal,Monoparental,0
Cottus_gobio,Cottus,Cottidae,NA,B,F,yellow; orange; amber,Yellow-Orange-Amber,Carotenoid,Brown-Tan*,No,NA,NA,NA,2,2,2,NA,NA,NA,NA,NA,NA,1,NA,NA,NA,Paternal,Monoparental,0
Corythoichthys_amplexus,Corythoichthys,Syngnathidae,M,NA,NA,yellow; orange; amber,Yellow-Orange-Amber,Carotenoid,Brown-White*,No,Benthic,0,1,0,31,15.5,28.45959544,201.0323365,0.133431389,133.2137021,-3.429505154,3.429505154,2,31.52497454,1.162213774,Monogamy,Paternal,Monoparental,0
Gasterosteus_aculeatus,Gasterosteus,Gasterosteidae,M,B,F,yellow; orange; amber,Yellow-Orange-Amber,Carotenoid,Orange,Yes,NA,NA,NA,0,100,50,7.620427834,317.0893877,0.708539534,24.80758326,59.50376467,59.50376467,1,-86.38297041,2.269714284,Polygamy,Paternal,Monoparental,0
Pseudobalistes_flavimarginatus,Pseudobalistes,Balistidae,M,B,NA,transparent,Transparent,None,Blue-Grey-Yellow,No,Demersal,1,0,2,0,1,NA,NA,NA,NA,NA,NA,1,NA,NA,Polygamy,Biparental,Biparental,1
Diodon_holocanthus,Diodon,Diodontidae,M,NA,NA,clear,Transparent,None,Tan,No,NA,NA,NA,2,0,1,27.13726972,205.600128,0.189326622,106.0355632,0.9138261,0.9138261,0,26.79095328,0.712427967,NA,None,None,1
Dinematichthys_iluocoeteoides,Dinematichthys,Bythitidae,M,NA,NA,yellow,Yellow-Orange-Amber,Carotenoid,Orange,Yes,NA,NA,NA,1,0,0.5,NA,NA,NA,NA,NA,NA,2,NA,NA,NA,NA,NA,0
Chanos_chanos,Chanos,Chanidae,M,B,NA,yellowish; transparent,Yellow-Orange-Amber,Carotenoid,Grey,No,Pelagic,2,2,1,0,0.5,NA,NA,NA,NA,NA,NA,0,NA,NA,Polygamy,None,None,0
Leucaspius_delineatus,Leucaspius,Cyprinidae,NA,B,F,transparent,Transparent,None,Grey,No,NA,NA,NA,0,1,0.5,NA,NA,NA,NA,NA,NA,1,NA,NA,NA,Paternal,Monoparental,1
Epinephelus_tauvina,Epinephelus,Serranidae,M,NA,NA,transparent,Transparent,None,Brown-Grey,No,NA,NA,NA,1,0,0.5,27.70052498,202.5955072,0.128279699,147.5196883,-10.06448367,10.06448367,0,29.84790833,0.707087943,NA,None,None,1
Coryphaena_equiselis,Coryphaena,Coryphaenidae,M,NA,NA,transparent,Transparent,None,Blue-Grey-Yellow,No,NA,NA,NA,0,0,0,25.47645318,211.0944054,0.135886401,-89.54221177,2.146962034,2.146962034,0,21.08365914,0.102354816,NA,None,None,1
Engraulis_mordax,Engraulis,Engraulidae,M,NA,NA,Transparent,Transparent,None,Grey,No,Pelagic,2,2,0,310,155,15.86846913,257.1273743,0.796613529,-120.9236946,39.86311006,39.86311006,0,-25.93308094,-0.777267663,NA,None,None,1
Cheilopogon_hubbsi,Cheilopogon,Exocoetidae,M,NA,NA,amber,Yellow-Orange-Amber,Carotenoid,Grey,No,NA,NA,NA,0,20,10,NA,NA,NA,NA,NA,NA,0,NA,NA,NA,None,None,0
Makaira_nigricans,Makaira,Istiophoridae,M,NA,NA,transparent,Transparent,None,Blue-Grey,No,Pelagic,2,2,0,1000,500,24.95151961,212.8830977,0.124138749,-135.3804916,-3.045977271,3.045977271,0,19.22854791,-0.080778279,NA,None,None,1
Merluccius_albidus,Merluccius,Merlucciidae,M,NA,NA,transparent,Transparent,None,Brown-Grey,No,NA,NA,NA,80,1170,625,24.95855369,213.3708701,0.187123193,-78.71836421,24.5692135,24.5692135,0,18.75059263,0.016844159,NA,NA,NA,1
Auxis_rochei_eudorax,Auxis,Scombridae,M,B,NA,transparent,Transparent,None,Black-Blue,No,Pelagic,2,2,NA,NA,NA,24.35282585,216.6821624,0.246009968,121.6014758,-2.745139841,2.745139841,0,15.38441722,0.037484238,NA,None,None,1
Euthynnus_alletteratus,Euthynnus,Scombridae,M,B,NA,transparent,Transparent,None,Blue-Grey,No,Pelagic,2,2,1,150,75.5,23.56475184,218.5159046,0.217060992,2.143980834,25.54334682,25.54334682,0,13.43610572,-0.395820988,NA,None,None,1
Scomber_scombrus,Scomber,Scombridae,M,B,NA,transparent,Transparent,None,Black-Grey,No,NA,NA,NA,0,1000,500,14.3495912,265.0345917,0.373544845,0.095136559,50.99830777,50.99830777,0,-33.98482601,-0.799143655,NA,None,None,1
Thunnus_albacares,Thunnus,Scombridae,M,B,NA,clear,Transparent,None,Blue-Grey-Yellow,No,Pelagic,2,2,1,50,25.5,25.02770116,212.8538678,0.133776831,61.39356807,0.171065953,0.171065953,0,19.27143539,-0.011361571,NA,None,None,1
