Species,Genus,Family,Marine,Brackish,Freshwater,EggColour,EggColourCategory,Pigment,AdultColour,Development,DevelopmentScore,DevelopmentScore2,Match,MinDepth,MaxDepth,AverageDepth,MeanSurfaceTemp,MeanSurfaceOxygen,MeanSurfaceChlorophyll,Longitude,Latitude ,PositiveLatitude,PostCare,PC1,PC2,,Oxygen,PC1,PC2
Ariopsis_felis,Ariopsis,Ariidae,M,B,NA,greenish,Green,Green,Grey,Demersal,1,0,No,NA,NA,NA,24.8141947,213.9726017,0.20851891,-87.10717485,27.45461376,27.45461376,2,18.13251154,-0.013092482,,211.5282019,20.72083812,0.518038638
Neoarius_graeffei,Neoarius,Ariidae,M,B,F,transparent,Transparent,None,Blue-Grey,NA,NA,NA,No,NA,NA,NA,NA,NA,NA,NA,NA,NA,0,NA,NA,,213.9726017,18.13251154,-0.013092482
Sciades_herzbergii,Sciades,Ariidae,M,B,F,yellow; orange; amber,Yellow-Orange-Amber,Carotenoid,Grey,NA,NA,NA,No,NA,NA,NA,27.6508827,205.1082499,0.2768262,-49.55081273,0.569173146,0.569173146,2,27.36976741,1.125606577,,205.1082499,27.36976741,1.125606577
Atherinops_affinis,Atherinops,Atherinopsidae,M,B,NA,yellow,Yellow-Orange-Amber,Carotenoid,Grey*,Demersal,1,0,No,NA,NA,NA,13.01784633,272.7853298,0.912138797,-126.3749548,46.90905394,46.90905394,0,-41.84802034,-0.666251511,,272.7853298,-41.84802034,-0.666251511
Belone_belone,Belone,Belonidae,M,B,NA,transparent,Transparent,None,Blue-Green-Grey,Demersal,1,0,No,NA,NA,NA,16.04575432,260.8845138,0.312515178,10.01561517,47.99891828,47.99891828,0,-29.59170895,0.095640338,,239.2206775,-7.806269213,-1.29401675
Harengula_jaguana,Harengula,Clupeidae,M,B,NA,clear,Transparent,None,Black-Grey,NA,NA,NA,No,NA,NA,NA,26.37889908,208.040424,0.20519133,-71.28651213,13.79480069,13.79480069,0,24.25219301,0.421108798,,260.8845138,-29.59170895,0.095640338
Carassius_carassius,Carassius,Cyprinidae,NA,B,F,transparent,Transparent,None,Green-Grey,NA,NA,NA,No,NA,NA,NA,NA,NA,NA,NA,NA,NA,0,NA,NA,,208.040424,24.25219301,0.421108798
Scardinius_erythrophthalmus,Scardinius,Cyprinidae,NA,B,F,transparent,Transparent,None,Grey-Orange,NA,NA,NA,No,NA,NA,NA,NA,NA,NA,NA,NA,NA,0,NA,NA,,303.7212971,-73.13266134,0.393456762
Remora_osteochir,Remora,Echeneidae,M,NA,NA,transparent,Transparent,None,Grey,Pelagic,2,2,No,NA,NA,NA,25.12153145,212.432571,0.135254399,-32.37706394,81.19114199,81.19114199,0,19.70283247,0.002483294,,212.432571,19.70283247,0.002483294
Anchoa_mitchilli,Anchoa,Engraulidae,M,B,F,transparent,Transparent,None,Green-Grey,NA,NA,NA,No,1,70,35.5,23.53622905,229.8518049,0.397855995,-87.60953167,31.84917634,31.84917634,0,2.292651163,1.68429191,,229.8518049,2.292651163,1.68429191
Hirundichthys_speculiger,Hirundichthys,Exocoetidae,M,NA,NA,yellow,Yellow-Orange-Amber,Carotenoid,Blue*-Grey,NA,NA,NA,No,NA,NA,NA,26.01826153,208.7511668,0.110738982,-136.7672045,0.100626121,0.100626121,0,23.48678104,0.198939307,,208.7511668,23.48678104,0.198939307
Hyporhamphus_unifasciatus,Hyporhamphus,Hemiramphidae,M,B,NA,yellow; orange; amber,Yellow-Orange-Amber,Carotenoid,Grey,Pelagic,2,2,No,0,5,2.5,26.70421717,207.2959042,0.194420272,-68.06521666,10.29601111,10.29601111,0,25.04422439,0.602293451,,207.2959042,25.04422439,0.602293451
Oxymonacanthus_longirostris,Oxymonacanthus,Monacanthidae,M,NA,NA,transparent,Transparent,None,Blue-Yellow,NA,NA,NA,No,1,35,18,28.1267529,201.8730601,0.126944955,131.1915635,-1.704100159,1.704100159,0,30.63701827,0.991526958,,308.056372,-77.52416652,0.501956664
Psenes_sio,Psenes,Nomeidae,M,NA,NA,Chorion pinkish straw color;,Pink,Carotenoid,Blue-Grey*,NA,NA,NA,No,NA,NA,NA,25.25231282,210.1159089,0.521708276,-88.41445505,6.236860447,6.236860447,0,22.00340277,-0.299846565,,201.8730601,30.63701827,0.991526958
Hypomesus_pretiosus,Hypomesus,Osmeridae,M,B,NA,yellow; orange; amber,Yellow-Orange-Amber,Carotenoid,Brown-Green,Demersal,1,0,No,NA,NA,NA,NA,NA,NA,NA,NA,NA,0,NA,NA,,210.1159089,22.00340277,-0.299846565
Citharichthys_arctifrons,Citharichthys,Paralichthyidae,M,NA,NA,transparent ,Transparent,None,Brown,Pelagic,2,2,No,46,366,206,21.1291912,228.9726148,0.4415895,-76.16667296,34.78201881,34.78201881,0,2.708867167,-0.844259193,,228.9726148,2.708867167,-0.844259193
Perca_fluviatilis,Perca,Percidae,NA,B,F,white,White,Guanine,Green-Red,Demersal,1,0,No,1,30,15.5,13.00615077,268.366711,0.405478097,NA,NA,NA,0,-37.50865756,-1.499473874,,268.366711,-37.50865756,-1.499473874
Lepidopsetta_bilineata,Lepidopsetta,Pleuronectidae,M,NA,NA,bright yellow or orange,Yellow-Orange-Amber,Carotenoid,Brown-Grey,NA,NA,NA,No,0,575,287.5,NA,NA,NA,NA,NA,NA,0,NA,NA,,230.279976,1.403084767,-0.71328307
Cynoscion_nothus,Cynoscion,Sciaenidae,M,B,NA,transparent,Transparent,None,Black-Grey-White,NA,NA,NA,No,2,18,10,24.16147575,216.430304,0.305064044,-92.24406177,25.99391854,25.99391854,0,15.59629666,-0.197365961,,216.430304,15.59629666,-0.197365961
Larimus_fasciatus,Larimus,Sciaenidae,M,B,NA,transparent,Transparent,None,Grey,NA,NA,NA,No,NA,NA,NA,23.04594598,220.6087729,0.332615579,-84.53909402,30.15694237,30.15694237,0,11.28326429,-0.516365638,,220.6087729,11.28326429,-0.516365638
Menticirrhus_saxatilis,Menticirrhus,Sciaenidae,M,B,NA,"almost colourless, faint yellowish tint",Yellow-Orange-Amber,Carotenoid,Grey,NA,NA,NA,No,NA,NA,NA,23.54392804,218.6319663,0.303129671,-84.47144256,29.51297396,29.51297396,0,13.31819607,-0.394697523,,218.6319663,13.31819607,-0.394697523
Pareques_iwamotoi,Pareques,Sciaenidae,M,NA,NA,transparent,Transparent,None,Grey,Pelagic,2,2,No,37,184,110.5,26.31079381,208.0055108,0.177692798,-87.71879043,26.39255699,26.39255699,0,24.27383162,0.347698786,,208.0055108,24.27383162,0.347698786
Auxis_thazard,Auxis,Scombridae,M,NA,NA,transparent,Transparent,None,Grey,NA,NA,NA,No,NA,NA,NA,24.80243648,214.8771681,0.251230795,121.6014758,-2.745139841,2.745139841,0,17.24153825,0.143576687,,214.8771681,17.24153825,0.143576687
Hippocampus_capensis,Hippocampus,Syngnathidae,M,B,NA,yellow; orange; amber,Yellow-Orange-Amber,Carotenoid,Brown-Green,Benthic,0,1,No,0,20,10,18.57356944,234.5595099,0.754268826,22.5,-34.50149948,34.50149948,2,-3.255835988,-2.316303934,,201.6952553,30.83973615,1.106474228
Syngnathus_abaster,Syngnathus,Syngnathidae,M,B,F,yellow; orange; amber,Yellow-Orange-Amber,Carotenoid,Black,NA,NA,NA,No,0,5,2.5,19.03063248,238.8845004,0.201170099,26.51216242,42.86698159,42.86698159,2,-7.420378761,-1.062895405,,234.5595099,-3.255835988,-2.316303934
Syngnathus_fuscus,Syngnathus,Syngnathidae,M,B,F,yellow; orange; amber,Yellow-Orange-Amber,Carotenoid,Brown,NA,NA,NA,No,5,366,185.5,NA,NA,NA,NA,NA,NA,2,NA,NA,,216.2202247,15.77178676,-0.399820889
Zu_cristatus,Zu,Trachipteridae,M,NA,NA,"amber, red",Variety,Carotenoid,Grey,Pelagic,2,2,No,NA,NA,NA,22.19688756,225.1361424,0.19305362,19.68717222,-6.770977618,6.770977618,0,6.676973442,-0.508657381,,215.2923426,16.95617295,0.868356131
Lycodapus_mandibularis,Lycodapus,Zoarcidae,M,NA,NA,transparent,Transparent,None,Brown,NA,NA,NA,No,100,1370,735,NA,NA,NA,NA,NA,NA,1,NA,NA,,201.6010394,30.92296559,1.039590565
Oryzias_latipes,Oryzias,Adrianichthyidae,NA,B,F,transparent,Transparent,None,Grey,NA,NA,NA,No,NA,NA,NA,NA,NA,NA,NA,NA,NA,NA,NA,NA,,238.8845004,-7.420378761,-1.062895405
Brycinus_longipinnis,Brycinus,Alestidae,NA,B,F,yellow; orange; amber,Yellow-Orange-Amber,Carotenoid,Green*,NA,NA,NA,No,NA,NA,NA,NA,NA,NA,NA,NA,NA,NA,NA,NA,,211.9680925,20.23846449,0.334846695
Oreochromis_aureus,Oreochromis,Cichlidae,NA,B,F,yellow; orange; amber,Yellow-Orange-Amber,Carotenoid,Grey,NA,NA,NA,No,NA,NA,NA,NA,NA,NA,NA,NA,NA,NA,NA,NA,,225.1361424,6.676973442,-0.508657381
Pelmatolapia_mariae,Pelmatolapia,Cichlidae,NA,B,F,olive-green,Green,Green,Black-Yellow,NA,NA,NA,No,NA,NA,NA,NA,NA,NA,NA,NA,NA,NA,NA,NA,,218.0078775,14.12985887,0.537790605
Coptodon_rendalli,Coptodon,Cichlidae,NA,B,F,yellow; orange; amber,Yellow-Orange-Amber,Carotenoid,Brown-Green,NA,NA,NA,No,NA,NA,NA,NA,NA,NA,NA,NA,NA,NA,NA,NA,,245.4895757,-14.20194806,-1.375807625
Nematalosa_erebi,Nematalosa,Clupeidae,NA,B,F,transparent,Transparent,None,Grey,NA,NA,NA,No,NA,NA,NA,NA,NA,NA,NA,NA,NA,NA,NA,NA,,237.6759409,-6.245609539,-1.354789934
Alosa_pseudoharengus,Alosa,Clupeidae,M,B,F,yellow,Yellow-Orange-Amber,Carotenoid,Grey,NA,NA,NA,No,NA,NA,NA,NA,NA,NA,NA,NA,NA,NA,NA,NA,,208.6977221,23.76840454,1.399487323
Cottus_asper,Cottus,Cottidae,M,B,F,yellow; orange; amber,Yellow-Orange-Amber,Carotenoid,Brown-Grey,NA,NA,NA,No,NA,NA,NA,NA,NA,NA,NA,NA,NA,NA,NA,NA,,248.8739443,-17.54415988,-0.835611567
Cottus_aleuticus,Cottus,Cottidae,M,B,F,yellow; orange; amber,Yellow-Orange-Amber,Carotenoid,Brown-Grey,NA,NA,NA,No,NA,NA,NA,NA,NA,NA,NA,NA,NA,NA,NA,NA,,229.9589614,1.8046878,-0.317613835
Cottus_cognatus,Cottus,Cottidae,NA,B,F,yellow; orange; amber,Yellow-Orange-Amber,Carotenoid,Brown,NA,NA,NA,No,NA,NA,NA,NA,NA,NA,NA,NA,NA,NA,NA,NA,,202.3462473,30.16507695,1.042495929
Squalius_cephalus,Squalius,Cyprinidae,NA,B,F,yellow,Yellow-Orange-Amber,Carotenoid,Brown-Green,Demersal,1,0,No,NA,NA,NA,NA,NA,NA,NA,NA,NA,NA,NA,NA,,208.449063,23.88640818,0.68585646
Cyprinus_carpio,Cyprinus,Cyprinidae,NA,B,F,yellow; orange; amber,Yellow-Orange-Amber,Carotenoid,Brown,NA,NA,NA,No,NA,NA,NA,NA,NA,NA,NA,NA,NA,NA,NA,NA,,245.3473708,-14.13816544,-1.803483676
Alburnus_alburnus,Alburnus,Cyprinidae,NA,B,F,yellow; orange; amber,Yellow-Orange-Amber,Carotenoid,Brown-Grey,NA,NA,NA,No,NA,NA,NA,NA,NA,NA,NA,NA,NA,NA,NA,NA,,261.3310602,-30.28219649,-1.151312375
Gobio_gobio,Gobio,Cyprinidae,NA,B,F,yellow; orange; amber,Yellow-Orange-Amber,Carotenoid,Brown-Grey,NA,NA,NA,No,NA,NA,NA,NA,NA,NA,NA,NA,NA,NA,NA,NA,,256.4398642,-25.33517896,-1.315194444
Hypseleotris_compressa,Hypseleotris,Eleotridae,NA,B,F,transparent,Transparent,None,Black-Blue-Orange,Pelagic,2,2,No,NA,NA,NA,NA,NA,NA,NA,NA,NA,NA,NA,NA,,242.3775591,-11.10889267,-1.767904548
Culaea_inconstans,Culaea,Gasterosteidae,NA,B,F,yellow; orange; amber,Yellow-Orange-Amber,Carotenoid,Brown-Grey,NA,NA,NA,No,NA,NA,NA,NA,NA,NA,NA,NA,NA,NA,NA,NA,,221.9919364,9.87467449,-0.520957931
Macrognathus_aral,Macrognathus,Mastacembelidae,NA,B,F,green,Green,Green,Grey,Demersal,1,0,No,NA,NA,NA,NA,NA,NA,NA,NA,NA,NA,NA,NA,,213.7500091,18.36848228,0.036709783
Nandus_nandus,Nandus,Nandidae,NA,B,F,translucent,Transparent,None,Brown-Green,NA,NA,NA,No,NA,NA,NA,NA,NA,NA,NA,NA,NA,NA,NA,NA,,214.2390556,17.79697272,-0.353101952
Thaleichthys_pacificus,Thaleichthys,Osmeridae,M,B,F,transparent,Transparent,None,Brown-Grey,NA,NA,NA,No,NA,NA,NA,NA,NA,NA,NA,NA,NA,NA,NA,NA,,253.3537033,-22.20535471,-1.373994987
Osmerus_eperlanus,Osmerus,Osmeridae,M,B,F,yellow,Yellow-Orange-Amber,Carotenoid,Grey,Demersal,1,0,No,NA,NA,NA,NA,NA,NA,NA,NA,NA,NA,NA,NA,,241.969285,-10.66353681,-1.61028397
Macquaria_novemaculeata,Macquaria,Percichthyidae,NA,B,F,transparent,Transparent,None,Brown-Green,NA,NA,NA,No,NA,NA,NA,NA,NA,NA,NA,NA,NA,NA,NA,NA,,203.4238433,29.02977322,0.838684521
Macquaria_colonorum,Macquaria,Percichthyidae,NA,B,F,transparent,Transparent,None,Grey,NA,NA,NA,No,NA,NA,NA,NA,NA,NA,NA,NA,NA,NA,NA,NA,,280.8635083,-49.90951314,0.179664916
Nannoperca_vittata,Nannoperca,Percichthyidae,NA,B,F,transparent,Transparent,None,Brown-Orange,NA,NA,NA,No,NA,NA,NA,NA,NA,NA,NA,NA,NA,NA,NA,NA,,245.0589699,-13.77871429,-1.455149279
Etheostoma_olmstedi,Etheostoma,Percidae,NA,B,F,transparent,Transparent,None,Brown,Demersal,1,0,No,NA,NA,NA,NA,NA,NA,NA,NA,NA,NA,NA,NA,,235.3552204,-3.801559826,-0.920882634
Sander_lucioperca,Sander,Percidae,NA,B,F,yellow; orange; amber,Yellow-Orange-Amber,Carotenoid,Brown-Grey,NA,NA,NA,No,NA,NA,NA,NA,NA,NA,NA,NA,NA,NA,NA,NA,,242.6523492,-11.17410085,-0.634821937
Polycentrus_schomburgkii,Polycentrus,Polycentridae,NA,B,F,yellow,Yellow-Orange-Amber,Carotenoid,Black-Grey,NA,NA,NA,No,NA,NA,NA,NA,NA,NA,NA,NA,NA,NA,NA,NA,,222.9953113,8.762736607,-1.000420488
Oncorhynchus_kisutch,Oncorhynchus,Salmonidae,M,B,F,yellow; orange; amber,Yellow-Orange-Amber,Carotenoid,Blue-Grey,NA,NA,NA,No,NA,NA,NA,NA,NA,NA,NA,NA,NA,NA,NA,NA,,207.3104351,25.04606497,0.690153655
Oncorhynchus_tshawytscha,Oncorhynchus,Salmonidae,M,B,F,orange-red,Yellow-Orange-Amber,Carotenoid,Brown*,NA,NA,NA,No,NA,NA,NA,NA,NA,NA,NA,NA,NA,NA,NA,NA,,252.3158107,-21.22976854,-1.800542853
Oncorhynchus_mykiss,Oncorhynchus,Salmonidae,M,B,F,yellow; orange; amber,Yellow-Orange-Amber,Carotenoid,Black-Silver,NA,NA,NA,No,NA,NA,NA,NA,NA,NA,NA,NA,NA,NA,NA,NA,,200.0912771,32.52459608,1.383346988
Monopterus_albus,Monopterus,Synbranchidae,NA,B,F,orange,Yellow-Orange-Amber,Carotenoid,Brown,NA,NA,NA,No,NA,NA,NA,NA,NA,NA,NA,NA,NA,NA,NA,NA,,208.0992617,24.14965393,0.195735798
Microphis_cuncalus,Microphis,Syngnathidae,NA,B,F,yellow; orange; amber,Yellow-Orange-Amber,Carotenoid,Green-Tan,NA,NA,NA,No,NA,NA,NA,NA,NA,NA,NA,NA,NA,NA,NA,NA,,220.3771454,11.28956046,-1.728610012
Hippichthys_parvicarinatus,Hippichthys,Syngnathidae,NA,B,F,yellow; orange; amber,Yellow-Orange-Amber,Carotenoid,Brown,NA,NA,NA,No,NA,NA,NA,NA,NA,NA,NA,NA,NA,NA,NA,NA,,227.6227981,3.872191982,-1.956188729
Leiopotherapon_unicolor,Leiopotherapon,Terapontidae,M,B,F,transparent,Transparent,None,Brown-Grey,Demersal,1,0,No,NA,NA,NA,NA,NA,NA,NA,NA,NA,NA,NA,NA,,301.0308905,-69.97069328,2.632538804
Atherina_presbyter,Atherina,Atherinidae,M,B,NA,transparent,Transparent,None,Blue-Grey-Yellow,NA,NA,NA,No,NA,NA,NA,17.46201,245.4895757,0.36261034,-2.64665907,43.0470189,43.0470189,0,-14.20194806,-1.375807625,,214.3827929,17.87175615,0.814914873
Callionymus_sagitta,Callionymus,Callionymidae,M,B,NA,transparent,Transparent,None,Brown,NA,NA,NA,No,NA,NA,NA,27.25024002,208.6977221,0.244926511,108.8788197,10.27347984,10.27347984,0,23.76840454,1.399487323,,262.4040998,-31.1783482,-0.116087186
Alosa_mediocris,Alosa,Clupeidae,M,B,F,transparent,Transparent,None,Green-Grey,NA,NA,NA,No,NA,NA,NA,17.37123121,248.8739443,0.755894794,-76.71689934,37.16343692,37.16343692,0,-17.54415988,-0.835611567,,205.1346571,27.21784865,0.464955075
Phoxinus_phoxinus,Phoxinus,Cyprinidae,NA,B,F,yellow; orange; amber,Yellow-Orange-Amber,Carotenoid,Black*-Grey,NA,NA,NA,No,NA,NA,NA,NA,NA,NA,NA,NA,NA,0,NA,NA,,202.6153346,29.83906455,0.766978752
Cyprinodon_variegatus,Cyprinodon,Cyprinodontidae,M,B,F,transparent,Transparent,None,Blue-Brown-Grey-Yellow,NA,NA,NA,No,NA,NA,NA,21.47849915,229.9589614,0.483352523,-82.38822624,31.00119777,31.00119777,0,1.8046878,-0.317613835,,202.3206953,30.11186864,0.623976379
Encrasicholina_punctifer,Encrasicholina,Engraulidae,M,NA,NA,transparent,Transparent,None,Green-Grey,NA,NA,NA,No,5,35,20,28.08906578,202.3462473,0.155316336,127.4714067,1.763170338,1.763170338,0,30.16507695,1.042495929,,207.5446599,24.80551636,0.678713425
Lycengraulis_grossidens,Lycengraulis,Engraulidae,M,B,F,Transparent,Transparent,None,Grey-Yellow,NA,NA,NA,No,NA,NA,NA,26.5710033,208.449063,0.297721951,-55.38711643,-3.723575931,3.723575931,0,23.88640818,0.68585646,,220.9816274,10.95286299,-0.257093195
Esox_lucius,Esox,Esocidae,NA,B,F,yellow; orange; amber,Yellow-Orange-Amber,Carotenoid,Brown*,Demersal,1,0,No,0,30,15,NA,NA,NA,NA,NA,NA,0,NA,NA,,215.2878774,16.84896471,0.277921148
Fundulus_majalis,Fundulus,Fundulidae,M,B,NA,yellow; orange; amber,Yellow-Orange-Amber,Carotenoid,Black-Brown*,Demersal,1,0,No,0,1,0.5,17.05365624,245.3473708,0.634860565,-73.59647829,38.21803203,38.21803203,0,-14.13816544,-1.803483676,,214.5415789,17.5429053,-0.068712175
Fundulus_xenicus,Fundulus,Fundulidae,M,B,F,transparent,Transparent,None,Green-Grey,NA,NA,NA,No,NA,NA,NA,NA,NA,NA,NA,NA,NA,0,NA,NA,,212.6693791,19.48300091,0.114390611
Galaxias_fasciatus,Galaxias,Galaxiidae,M,B,F,transparent,Transparent,None,Brown-Yellow,NA,NA,NA,No,NA,NA,NA,14.69214417,261.3310602,1.061957387,172.578251,-41.70681753,41.70681753,0,-30.28219649,-1.151312375,,252.9060308,-21.72417616,-1.238962069
Galaxias_postvectis,Galaxias,Galaxiidae,M,B,F,transparent,Transparent,None,Brown,NA,NA,NA,No,NA,NA,NA,15.45111813,256.4398642,1.013487442,174.1107428,-39.64355815,39.64355815,0,-25.33517896,-1.315194444,,217.5572548,14.44846465,-0.201978267
Apeltes_quadracus,Apeltes,Gasterosteidae,M,B,F,yellow to dark amber,Yellow-Orange-Amber,Carotenoid,Brown*,NA,NA,NA,No,0,3,1.5,NA,NA,NA,NA,NA,NA,1,NA,NA,,256.8094447,-25.63411753,-0.907296588
Trachelochismus_melobesia,Trachelochismus,Gobiesocidae,M,NA,NA,red/pink,Variety,Carotenoid,Black-White,NA,NA,NA,No,0,36,18,NA,NA,NA,NA,NA,NA,0,NA,NA,,279.6081524,-48.5224559,0.757740176
Lepidogobius_lepidus,Lepidogobius,Gobiidae,M,NA,NA,yellow; orange; amber,Yellow-Orange-Amber,Carotenoid,Brown-Grey,NA,NA,NA,No,0,201,100.5,NA,NA,NA,NA,NA,NA,1,NA,NA,,229.7734726,1.96787654,-0.452833558
Neogobius_melanostomus,Neogobius,Gobiidae,M,B,F,pale yellow to orange,Yellow-Orange-Amber,Carotenoid,Brown-Grey,NA,NA,NA,No,0,30,15,NA,NA,NA,NA,NA,NA,1,NA,NA,,238.5546653,-6.967909546,-0.445909143
Tridentiger_trigonocephalus,Tridentiger,Gobiidae,M,B,F,yellow; orange; amber,Yellow-Orange-Amber,Carotenoid,Brown-White,Demersal,1,0,No,NA,NA,NA,NA,NA,NA,NA,NA,NA,1,NA,NA,,288.9537109,-58.19601901,-0.098598039
Icosteus_aenigmaticus,Icosteus,Icosteidae,M,NA,NA,"yellow; orange; amber; opaque 
becoming clear",Yellow-Orange-Amber,Carotenoid,Grey,NA,NA,NA,No,0,1420,710,NA,NA,NA,NA,NA,NA,0,NA,NA,,258.2199701,-27.16329458,-1.401869607
Lepisosteus_osseus,Lepisosteus,Lepisosteidae,NA,B,F,yellow; orange; amber,Yellow-Orange-Amber,Carotenoid,Black-Grey,NA,NA,NA,No,NA,NA,NA,NA,NA,NA,NA,NA,NA,1,NA,NA,,241.2359137,-9.969786283,-1.888409201
Chelon_labrosus,Chelon,Mugilidae,M,B,F,transparent,Transparent,None,Grey,NA,NA,NA,No,NA,NA,NA,15.97539696,253.3537033,0.389123765,8.883355236,46.98055297,46.98055297,0,-22.20535471,-1.373994987,,206.5522381,25.78198454,0.501331631
Patagonotothen_ramsayi,Patagonotothen,Nototheniidae,M,NA,NA,light-yellow to light-orange,Yellow-Orange-Amber,Carotenoid,Grey,NA,NA,NA,No,50,500,275,NA,NA,NA,NA,NA,NA,0,NA,NA,,285.5054372,-54.73143885,-0.335903485
Ostracion_meleagris,Ostracion,Ostraciidae,M,NA,NA,colourless,Transparent,None,Black-Blue-White-Yellow,NA,NA,NA,No,1,30,15.5,NA,NA,NA,NA,NA,NA,0,NA,NA,,217.8766753,14.18120086,0.103549464
Paralichthys_dentatus,Paralichthys,Paralichthyidae,M,B,F,transparent ,Transparent,None,Brown,NA,NA,NA,No,10,183,96.5,17.88966257,241.969285,0.672340263,-75.20241591,37.3198913,37.3198913,0,-10.66353681,-1.61028397,,301.1148323,-70.53435753,0.105844213
Paralichthys_olivaceus,Paralichthys,Paralichthyidae,M,NA,NA,yellow; orange; amber,Yellow-Orange-Amber,Carotenoid,Brown,NA,NA,NA,No,10,200,105,NA,NA,NA,NA,NA,NA,0,NA,NA,,204.6624691,27.70144736,0.480949761
Eurypegasus_draconis,Eurypegasus,Pegasidae,M,B,NA,transparent,Transparent,None,Blue-Brown,NA,NA,NA,No,3,91,47,27.67767727,203.4238433,0.175485837,127.5601654,4.887254252,4.887254252,0,29.02977322,0.838684521,,272.7876145,-41.86949566,-0.767429045
Psettichthys_melanostictus,Psettichthys,Pleuronectidae,M,NA,NA,clear yolk,Transparent,None,Brown,NA,NA,NA,No,1,325,163,NA,NA,NA,NA,NA,NA,0,NA,NA,,359.1745578,-128.8854414,4.012668075
Stokellia_anisodon,Stokellia,Retropinnidae,M,B,F,colourless,Transparent,None,Grey,NA,NA,NA,No,NA,NA,NA,12.34980975,280.8635083,1.548376639,171.7108131,-44.08097072,44.08097072,0,-49.90951314,0.179664916,,273.233653,-42.32319198,-0.76604854
Coregonus_albula,Coregonus,Salmonidae,M,B,F,yellow; orange; amber,Yellow-Orange-Amber,Carotenoid,Grey,NA,NA,NA,No,NA,NA,NA,NA,NA,NA,NA,NA,NA,0,NA,NA,,323.2612404,-92.88622909,1.097701481
Coregonus_nasus,Coregonus,Salmonidae,NA,B,F,yellow; orange; amber,Yellow-Orange-Amber,Carotenoid,Grey,NA,NA,NA,No,NA,NA,NA,NA,NA,NA,NA,NA,NA,0,NA,NA,,243.0034743,-11.64352715,-1.226918561
Coregonus_sardinella,Coregonus,Salmonidae,M,B,F,yellow,Yellow-Orange-Amber,Carotenoid,Grey,NA,NA,NA,No,NA,NA,NA,NA,NA,NA,NA,NA,NA,0,NA,NA,,302.7258501,-72.14536688,0.257007465
Prosopium_cylindraceum,Prosopium,Salmonidae,NA,B,F,yellow; orange; amber,Yellow-Orange-Amber,Carotenoid,Brown-Grey,NA,NA,NA,No,NA,NA,NA,NA,NA,NA,NA,NA,NA,0,NA,NA,,208.1786685,24.07890463,0.248925503
Salmo_salar,Salmo,Salmonidae,M,B,F,yellow; orange; amber,Yellow-Orange-Amber,Carotenoid,Black-Blue-Grey,NA,NA,NA,No,0,210,105,NA,NA,NA,NA,NA,NA,0,NA,NA,,225.9461599,5.796831855,-0.80316918
Cheilotrema_saturnum,Cheilotrema,Sciaenidae,M,NA,NA,transparent,Transparent,None,Grey,Pelagic,2,2,No,NA,NA,NA,17.46276124,245.0589699,0.650668247,-118.027737,32.27990072,32.27990072,0,-13.77871429,-1.455149279,,310.9334767,-80.2001392,1.834500483
Cynoscion_regalis,Cynoscion,Sciaenidae,M,B,NA,transparent,Transparent,None,Green-Grey,NA,NA,NA,No,10,26,18,NA,NA,NA,NA,NA,NA,0,NA,NA,,210.1805604,22.05661243,0.328926366
Scomber_japonicus,Scomber,Scombridae,M,NA,NA,transparent,Transparent,None,Brown-Grey,Pelagic,2,2,No,0,0,0,19.84315989,235.3552204,0.494929166,130.4050748,29.34375275,29.34375275,0,-3.801559826,-0.920882634,,253.5475619,-22.2740149,-0.694336411
Centropristis_striata,Centropristis,Serranidae,M,NA,NA,transparent yolk,Transparent,None,Black,NA,NA,NA,No,NA,NA,NA,18.75315844,242.6523492,0.464172856,-75.41369475,36.05238121,36.05238121,0,-11.17410085,-0.634821937,,211.277093,20.89927823,0.110545062
Filicampus_tigris,Filicampus,Syngnathidae,M,NA,NA,yellow; orange; amber,Yellow-Orange-Amber,Carotenoid,Brown-Green,NA,NA,NA,No,2,27,14.5,22.10159257,222.9953113,0.27702622,146.0002399,-30.17858662,30.17858662,2,8.762736607,-1.000420488,,209.4356679,22.81677467,0.339729268
Hippichthys_penicillus,Hippichthys,Syngnathidae,M,B,F,yellow; orange; amber,Yellow-Orange-Amber,Carotenoid,Brown-Green,NA,NA,NA,No,NA,NA,NA,26.79088698,207.3104351,0.256405149,138.1370737,-18.09035017,18.09035017,2,25.04606497,0.690153655,,202.064288,30.37676009,0.644749752
Syngnathus_phlegon,Syngnathus,Syngnathidae,M,NA,NA,yellow; orange; amber,Yellow-Orange-Amber,Carotenoid,Blue-White,NA,NA,NA,No,NA,NA,NA,20.25300241,227.6227981,0.111299406,15.80612061,37.51664579,37.51664579,2,3.872191982,-1.956188729,,254.0390969,-22.97805524,-1.770980864
Syngnathus_rostellatus,Syngnathus,Syngnathidae,M,B,NA,yellow; orange; amber,Yellow-Orange-Amber,Carotenoid,Brown-Green,Benthic,0,1,No,0,15,7.5,11.02911528,301.0308905,0.492374864,8.125374741,56.10733433,56.10733433,2,-69.97069328,2.632538804,,288.2791428,-57.45119429,0.209319576
Syngnathus_scovelli,Syngnathus,Syngnathidae,M,B,F,yellow; orange; amber,Yellow-Orange-Amber,Carotenoid,Brown-Green,NA,NA,NA,No,0,6,3,25.57926511,214.3827929,0.280829679,-88.5,31.00524431,31.00524431,2,17.87175615,0.814914873,,217.2048862,14.81250014,-0.173390642
Syngnathus_typhle,Syngnathus,Syngnathidae,M,B,NA,yellow; orange; amber,Yellow-Orange-Amber,Carotenoid,Green,Benthic,0,1,No,1,20,10.5,15.54265289,262.4040998,0.347756621,10.78084205,48.29433536,48.29433536,2,-31.1783482,-0.116087186,,215.1488711,16.92046172,-0.091797128
Canthigaster_rostrata,Canthigaster,Tetraodontidae,M,NA,F,transparent,Transparent,None,Blue-Brown-Green-White-Yellow,Demersal,1,0,No,1,40,20.5,26.97350365,205.1346571,0.110221367,-79.52986264,20.4461444,20.4461444,0,27.21784865,0.464955075,,208.1308854,24.13414286,0.283831771
Gramma_loreto,Gramma,Grammatidae,M,NA,NA,transparent,Transparent,None,Purple-Yellow,Demersal,1,0,No,1,60,30.5,27.66795198,202.3206953,0.072130238,-76.25521422,17.48120659,17.48120659,0,30.11186864,0.623976379,,235.1437374,-3.646897858,-1.240929018
Nemipterus_virgatus,Nemipterus,Nemipteridae,M,NA,NA,transparent,Transparent,None,Pink-Yellow,NA,NA,NA,No,1,220,110.5,26.73491148,207.5446599,0.268354808,119.3060661,18.40895514,18.40895514,0,24.80551636,0.678713425,,210.4401299,21.78569927,0.293341614
Argyropelecus_hemigymnus,Argyropelecus,Sternoptychidae,M,NA,NA,transparent,Transparent,None,Grey,Pelagic,2,2,No,0,400,200,23.23925077,220.9816274,0.168203855,-85.46597527,-0.651403417,0.651403417,0,10.95286299,-0.257093195,,202.7164569,29.80150802,1.112308152
Eumegistus_brevorti,Eumegistus,Bramidae,M,NA,NA,transparent,Transparent,None,Blue-Grey,NA,NA,NA,No,384,1317,850.5,NA,NA,NA,NA,NA,NA,0,NA,NA,,222.2735067,9.590141298,-0.510199896
Gadus_morhua,Gadus,Gadidae,M,B,NA,transparent,Transparent,None,Brown-Grey,Pelagic,2,2,No,0,600,300,NA,NA,NA,NA,NA,NA,0,NA,NA,,202.848166,29.56716863,0.582425346
Lycodes_cortezianus,Lycodes,Zoarcidae,M,NA,NA,transparent,Transparent,None,Black-Brown,NA,NA,NA,No,73,620,346.5,NA,NA,NA,NA,NA,NA,1,NA,NA,,213.8280738,18.34488934,0.331828917
Eumecichthys_fiski,Eumecichthys,Lophotidae,M,NA,NA,transparent,Transparent,None,Grey-Orange,Pelagic,2,2,No,NA,NA,NA,25.1906045,212.6693791,0.141866806,-144.59396,17.55442076,17.55442076,0,19.48300091,0.114390611,,227.1702239,4.650714442,-0.27652456
Merluccius_merluccius,Merluccius,Merlucciidae,M,NA,NA,transparent,Transparent,None,Grey,NA,NA,NA,No,30,1075,552.5,NA,NA,NA,NA,NA,NA,0,NA,NA,,354.9324868,-124.4299299,4.742441288
Icichthys_lockingtoni,Icichthys,Centrolophidae,M,NA,NA,envelope clear,Transparent,None,Grey,NA,NA,NA,No,0,900,450,NA,NA,NA,NA,NA,NA,0,NA,NA,,298.4966927,-67.76905497,0.637776011
Thyrsites_atun,Thyrsites,Gempylidae,M,B,NA,transparent,Transparent,None,Blue-Grey,NA,NA,NA,No,0,50,25,NA,NA,NA,NA,NA,NA,0,NA,NA,,210.6771336,21.53930759,0.265972813
Trachipterus_fukuzakii,Trachipterus,Trachipteridae,M,NA,NA,"pink, amber",Variety,Carotenoid,Brown,Pelagic,2,2,No,NA,NA,NA,NA,NA,NA,NA,NA,NA,0,NA,NA,,267.3863549,-36.44784702,-1.166360931
Trachipterus_ishikawae,Trachipterus,Trachipteridae,M,NA,NA,transparent,Transparent,None,Grey-Red,NA,NA,NA,No,0,1200,600,NA,NA,NA,NA,NA,NA,0,NA,NA,,205.1297403,27.25103627,0.613860117
Cyclopterus_lumpus,Cyclopterus,Cyclopteridae,M,NA,NA,yellow; orange; amber; golden,Yellow-Orange-Amber,Carotenoid,Black*-Blue-Grey,Demersal,1,0,No,0,868,434,NA,NA,NA,NA,NA,NA,1,NA,NA,,244.5426638,-13.36562279,-2.048905089
Dicentrarchus_labrax,Dicentrarchus,Moronidae,M,B,F,transparent,Transparent,None,Grey,Pelagic,2,2,No,10,100,55,16.19755909,252.9060308,0.373707901,9.819681306,48.5557064,48.5557064,0,-21.72417616,-1.238962069,,210.8806144,21.24736073,-0.182342161
Lepidorhombus_whiffiagonis,Lepidorhombus,Scophthalmidae,M,NA,NA,transparent,Transparent,None,Brown,NA,NA,NA,No,100,700,400,NA,NA,NA,NA,NA,NA,0,NA,NA,,203.7472698,28.69706482,0.819982922
Thunnus_obesus,Thunnus,Scombridae,M,NA,NA,clear,Transparent,None,Blue-Grey-Yellow,NA,NA,NA,No,0,500,250,23.94348151,217.5572548,0.137499118,56.20098703,1.640375604,1.640375604,0,14.44846465,-0.201978267,,200.2998476,32.24690076,1.037697034
Chaenocephalus_aceratus,Chaenocephalus,Channichthyidae,M,NA,NA,yellow; orange; amber,Yellow-Orange-Amber,Carotenoid,Grey*,NA,NA,NA,No,5,770,387.5,NA,NA,NA,NA,NA,NA,0,NA,NA,,206.8657466,25.46576472,0.51641472
Argentina_sphyraena,Argentina,Argentinidae,M,NA,NA,transparent,Transparent,None,Grey,NA,NA,NA,No,50,700,375,NA,NA,NA,NA,NA,NA,0,NA,NA,,236.7007861,-5.192979416,-1.036928983
Anguilla_anguilla,Anguilla,Anguillidae,NA,B,F,transparent,Transparent,None,Brown-Yellow,NA,NA,NA,No,0,700,350,13.17575185,279.6081524,0.440997851,19.54104741,55.51222415,55.51222415,0,-48.5224559,0.757740176,,213.051351,19.14220326,0.367761106
Champsocephalus_gunnari,Champsocephalus,Channichthyidae,M,NA,NA,yellow; orange; amber,Yellow-Orange-Amber,Carotenoid,Grey,NA,NA,NA,No,0,700,350,NA,NA,NA,NA,NA,NA,0,NA,NA,,230.3519568,1.285687496,-0.946484709
Limanda_ferruginea,Limanda,Pleuronectidae,M,NA,NA,transparent,Transparent,None,Brown-Yellow,NA,NA,NA,No,27,364,195.5,NA,NA,NA,NA,NA,NA,0,NA,NA,,248.4199322,-17.21369084,-1.530927557
Hippoglossoides_elassodon,Hippoglossoides,Pleuronectidae,M,NA,NA,"transparent, colourless yolk",Transparent,None,Brown-Grey,NA,NA,NA,No,0,1050,525,NA,NA,NA,NA,NA,NA,0,NA,NA,,214.4681144,17.57759392,-0.280472115
Chionodraco_hamatus,Chionodraco,Channichthyidae,M,NA,NA,yellow; orange; amber,Yellow-Orange-Amber,Carotenoid,Grey,NA,NA,NA,No,4,600,302,NA,NA,NA,NA,NA,NA,0,NA,NA,,204.7538629,27.66508289,0.780265088
Hime_japonica,Hime,Aulopidae,M,NA,NA,transparent,Transparent,None,Brown-Orange-White,NA,NA,NA,No,85,510,297.5,NA,NA,NA,NA,NA,NA,0,NA,NA,,205.1937236,27.18492546,0.608621453
Eumicrotremus_orbis,Eumicrotremus,Cyclopteridae,M,NA,NA,"translucent envelope, clear yolk",Transparent,None,Brown-Green-Orange,NA,NA,NA,No,0,575,287.5,NA,NA,NA,NA,NA,NA,0,NA,NA,,215.9409172,16.19943224,0.357709011
Glyptocephalus_cynoglossus,Glyptocephalus,Pleuronectidae,M,NA,NA,transparent,Transparent,None,Brown,Pelagic,2,2,No,18,1570,794,NA,NA,NA,NA,NA,NA,0,NA,NA,,251.2771918,-20.15441905,-1.703905988
Lepidopus_altifrons,Lepidopus,Trichiuridae,M,NA,NA,transparent,Transparent,None,Brown-Grey,NA,NA,NA,No,100,500,300,NA,NA,NA,NA,NA,NA,0,NA,NA,,202.8016391,29.6922574,0.993135275
Xiphias_gladius,Xiphias,Xiphiidae,M,NA,NA,transparent,Transparent,None,Black-Grey,Pelagic,2,2,No,0,878,439,21.3759865,229.7734726,0.187381434,141.4341525,56.88421112,56.88421112,0,1.96787654,-0.452833558,,203.1977558,29.27174898,0.901420924
Thunnus_thynnus,Thunnus,Scombridae,M,B,NA,transparent,Transparent,None,Blue-Grey-Yellow,Pelagic,2,2,No,0,985,492.5,19.7210014,238.5546653,0.232772112,-26.08601351,40.9380318,40.9380318,0,-6.967909546,-0.445909143,,314.9060771,-84.43499297,0.821552045
Pseudochaenichthys_georgianus,Pseudochaenichthys,Channichthyidae,M,NA,NA,yellow; orange; amber,Yellow-Orange-Amber,Carotenoid,Black-Grey*,NA,NA,NA,No,0,475,237.5,NA,NA,NA,NA,NA,NA,0,NA,NA,,200.6951593,31.84890834,1.060615199
Xiphister_atropurpureus,Xiphister,Stichaeidae,M,NA,NA,white envelope,White,Guanine,Black-Brown,NA,NA,NA,No,8,12,10,10.53535894,288.9537109,1.487007599,NA,NA,NA,1,-58.19601901,-0.098598039,,279.6302315,-48.71844934,-0.159048819
Myoxocephalus_scorpius,Myoxocephalus,Cottidae,M,B,NA,yellow; orange; amber,Yellow-Orange-Amber,Carotenoid,Brown-White,Demersal,1,0,No,0,451,225.5,NA,NA,NA,NA,NA,NA,1,NA,NA,,201.4915695,31.02712361,1.0012571
Callionymus_lyra,Callionymus,Callionymidae,M,NA,NA,transparent,Transparent,None,Blue-Brown,Pelagic,2,2,No,5,430,217.5,15.0259802,258.2199701,0.395896954,1.428751035,51.16619446,51.16619446,0,-27.16329458,-1.401869607,,212.6963339,19.48083244,0.247875298
Lepidonotothen_squamifrons,Lepidonotothen,Nototheniidae,M,NA,NA,yellow; orange; amber,Yellow-Orange-Amber,Carotenoid,Grey,NA,NA,NA,No,10,900,455,NA,NA,NA,NA,NA,NA,0,NA,NA,,207.6261643,24.68974789,0.505327804
Hippoglossus_hippoglossus,Hippoglossus,Pleuronectidae,M,NA,NA,clear,Transparent,None,Brown,Pelagic,2,2,No,50,2000,1025,NA,NA,NA,NA,NA,NA,0,NA,NA,,267.1144056,-36.00508536,-0.289399564
Cepola_macrophthalma,Cepola,Cepolidae,M,NA,NA,transparent,Transparent,None,Red,Pelagic,2,2,No,15,400,207.5,17.74540595,241.2359137,0.301194861,2.965782504,43.12553961,43.12553961,0,-9.969786283,-1.888409201,,215.38989,16.63168495,-0.321513023
Opisthocentrus_ocellatus,Opisthocentrus,Stichaeidae,M,NA,NA,colourless yolk,Transparent,None,Green,NA,NA,NA,No,0,335,167.5,NA,NA,NA,NA,NA,NA,1,NA,NA,,257.6979418,-26.52146484,-0.817877869
Trachurus_symmetricus,Trachurus,Carangidae,M,NA,NA,clear envelope,Transparent,None,Blue-Green-Grey,NA,NA,NA,No,0,400,200,10.94650139,285.5054372,0.864370742,-137.4435981,51.62573857,51.62573857,0,-54.73143885,-0.335903485,,260.6362339,-29.31742157,0.209758959
Engraulis_eurystole,Engraulis,Engraulidae,M,NA,NA,Transparent;,Transparent,None,Green-Grey,NA,NA,NA,No,124,282,203,24.19397637,217.8766753,0.336109155,-80.61364846,32.83653125,32.83653125,0,14.18120086,0.103549464,,205.2235081,27.16333521,0.65470888
Maurolicus_muelleri,Maurolicus,Sternoptychidae,M,NA,NA,transparent,Transparent,None,Blue-Grey,NA,NA,NA,No,271,1524,897.5,NA,NA,NA,NA,NA,NA,0,NA,NA,,201.9523668,30.55130491,0.965117209
Limanda_limanda,Limanda,Pleuronectidae,M,NA,NA,transparent,Transparent,None,Brown-Yellow,NA,NA,NA,No,20,150,85,8.441673162,301.1148323,0.562734331,18.77922954,63.38654991,63.38654991,0,-70.53435753,0.105844213,,211.5375312,20.67438245,0.322760028
Epinephelus_guttatus,Epinephelus,Serranidae,M,NA,NA,transparent,Transparent,None,Brown-Orange,NA,NA,NA,No,NA,NA,NA,27.0791542,204.6624691,0.096089444,-79.47256424,20.34566641,20.34566641,0,27.70144736,0.480949761,,237.6315341,-6.265012838,-1.696090113
Syngnathus_leptorhynchus,Syngnathus,Syngnathidae,M,B,NA,yellow; orange; amber,Yellow-Orange-Amber,Carotenoid,Green,Benthic,0,1,No,0,5,2.5,12.91444003,272.7876145,0.941230838,-125.386179,45.52113172,45.52113172,2,-41.86949566,-0.767429045,,261.2653508,-30.26900789,-1.434964842
Liopsetta_glacialis,Liopsetta,Pleuronectidae,M,B,F,clear yolk,Transparent,None,Brown-Green-White,NA,NA,NA,No,0,90,45,1.428789198,359.1745578,0.597397279,85.92449139,71.25852046,71.25852046,0,-128.8854414,4.012668075,,204.9241248,27.45672444,0.594956623
Porichthys_notatus,Porichthys,Batrachoididae,M,NA,NA,yellowish to orange ,Yellow-Orange-Amber,Carotenoid,Brown*-Grey,Benthic,0,1,No,0,366,183,12.83142252,273.233653,1.00399705,-124.893668,45.13433264,45.13433264,1,-42.32319198,-0.76604854,,212.3006122,19.94858818,0.59134044
Clupea_harengus,Clupea,Clupeidae,M,B,NA,transparent,Transparent,None,Blue-Grey,Demersal,1,0,No,0,364,182,5.259448872,323.2612404,0.545988911,31.40121162,72.93440215,72.93440215,0,-92.88622909,1.097701481,,209.8275401,22.42060799,0.353798636
Spondyliosoma_cantharus,Spondyliosoma,Sparidae,M,NA,NA,yellow,Yellow-Orange-Amber,Carotenoid,Grey,Demersal,1,0,No,5,300,152.5,18.08409146,243.0034743,0.360268936,5.346261219,43.46044473,43.46044473,1,-11.64352715,-1.226918561,,203.147548,29.33598548,0.970830611
Phytichthys_chirus,Phytichthys,Stichaeidae,M,NA,NA,white envelope,White,Guanine,Brown-Green,NA,NA,NA,No,0,12,6,8.290599917,302.7258501,1.150438515,NA,NA,NA,NA,-72.14536688,0.257007465,,239.4657523,-8.06900123,-1.364318199
Pseudopleuronectes_americanus,Pseudopleuronectes,Pleuronectidae,M,NA,NA,clear,Transparent,None,Black-Brown,NA,NA,NA,No,5,143,74,NA,NA,NA,NA,NA,NA,0,NA,NA,,260.8061954,-29.69425157,-0.867268472
Anoplarchus_purpurescens,Anoplarchus,Stichaeidae,M,NA,NA,envelope white,White,Guanine,Brown-Grey,Benthic,0,1,No,1,30,15.5,NA,NA,NA,NA,NA,NA,1,NA,NA,,202.066293,30.51112798,1.365451228
Brama_dussumieri,Brama,Bramidae,M,NA,NA,transparent,Transparent,None,Grey,NA,NA,NA,No,1,300,150.5,26.177493,208.1786685,0.134715323,-83.62946731,-4.983327969,4.983327969,0,24.07890463,0.248925503,,211.3360497,20.90826777,0.475062991
Scomber_colias,Scomber,Scombridae,M,B,NA,transparent,Transparent,None,Grey,NA,NA,NA,No,NA,NA,NA,21.74383341,225.9461599,0.196804991,10.35037148,37.21716313,37.21716313,0,5.796831855,-0.80316918,,204.0371279,28.38526822,0.731262516
Parachaenichthys_georgianus,Parachaenichthys,Bathydraconidae,M,NA,NA,yellow; orange; amber,Yellow-Orange-Amber,Carotenoid,Brown*,NA,NA,NA,No,5,270,137.5,NA,NA,NA,NA,NA,NA,0,NA,NA,,202.3527115,30.31403957,1.864285329
Agonus_cataphractus,Agonus,Agonidae,M,NA,NA,yellow; orange; amber,Yellow-Orange-Amber,Carotenoid,Grey*,NA,NA,NA,No,0,270,135,8.342627683,310.9334767,0.528589076,16.94863703,63.77986107,63.77986107,0,-80.2001392,1.834500483,,202.668607,29.87965767,1.267905559
Ophichthus_gomesii,Ophichthus,Ophichthidae,M,NA,NA,pale yellow,Yellow-Orange-Amber,Carotenoid,Brown,Benthic,0,1,No,1,450,225.5,25.88001247,210.1805604,0.242623233,-67.93641841,11.62524151,11.62524151,0,22.05661243,0.328926366,,202.9489782,29.50872122,0.815712249
Scomberesox_saurus,Scomberesox,Scomberesocidae,M,NA,NA,clear,Transparent,None,Brown-Grey,NA,NA,NA,No,0,30,15,16.63043043,253.5475619,0.324337377,-22.36328014,45.09742901,45.09742901,0,-22.2740149,-0.694336411,,213.5641066,18.5199257,-0.162789778
Pareques_umbrosus,Pareques,Sciaenidae,M,NA,NA,transparent,Transparent,None,Grey,Pelagic,2,2,No,5,91,48,26.03199434,209.4356679,0.191796407,-87.71415442,26.48396464,26.48396464,0,22.81677467,0.339729268,,289.6171614,-58.60972772,1.283123115
Sardinella_longiceps,Sardinella,Clupeidae,M,NA,NA,transparent,Transparent,None,Blue-Grey,NA,NA,NA,No,20,200,110,27.73762485,202.064288,0.281033982,67.83934341,19.17949082,19.17949082,0,30.37676009,0.644749752,,211.0937645,21.08057984,0.082639396
Platycephalus_speculator,Platycephalus,Platycephalidae,M,B,NA,transparent,Transparent,None,Brown-Grey,NA,NA,NA,No,1,30,15.5,NA,NA,NA,NA,NA,NA,0,NA,NA,,276.5416224,-45.7993883,-1.344561555
Salmo_trutta,Salmo,Salmonidae,M,B,F,yellow; orange; amber,Yellow-Orange-Amber,Carotenoid,Brown,Demersal,1,0,No,0,28,14,NA,NA,NA,NA,NA,NA,0,NA,NA,,240.1419649,-8.88387696,-2.033500935
Scophthalmus_aquosus,Scophthalmus,Scophthalmidae,M,B,NA,clear,Transparent,None,Brown,NA,NA,NA,No,55,73,64,NA,NA,NA,NA,NA,NA,0,NA,NA,,206.6505607,25.58238802,-0.024516678
Icelinus_quadriseriatus,Icelinus,Cottidae,M,NA,NA,pale green,Green,Green,Brown*,NA,NA,NA,No,6,201,103.5,15.44163717,254.0390969,1.595388111,NA,NA,NA,0,-22.97805524,-1.770980864,,220.9055684,11.01732708,-0.325488382
Taurulus_bubalis,Taurulus,Cottidae,M,B,NA,yellow; orange; amber,Yellow-Orange-Amber,Carotenoid,Brown-White*,NA,NA,NA,No,0,200,100,10.97642016,288.2791428,0.521228232,6.823804037,58.77808484,58.77808484,0,-57.45119429,0.209319576,,211.4380407,20.87977659,0.872959479
Remora_remora,Remora,Echeneidae,M,NA,NA,yellowish,Yellow-Orange-Amber,Carotenoid,Grey,NA,NA,NA,No,0,200,100,24.03927014,217.2048862,0.162156913,44.51051505,58.98886007,58.98886007,0,14.81250014,-0.173390642,,202.3877239,30.13840557,1.124608548
Istiophorus_platypterus,Istiophorus,Istiophoridae,M,NA,NA,transparent,Transparent,None,Blue-Grey,Pelagic,2,2,No,0,0,0,24.51145804,215.1488711,0.150917482,-85.77319343,3.407684514,3.407684514,0,16.92046172,-0.091797128,,293.9714652,-63.03067269,1.339478405
Mycteroperca_phenax,Mycteroperca,Serranidae,M,B,NA,clear yolk,Transparent,None,Brown,NA,NA,NA,No,30,100,65,26.222063,208.1308854,0.170794959,-87.49304453,25.99731056,25.99731056,0,24.13414286,0.283831771,,282.954314,-52.39097649,-1.688213852
Pleuronichthys_decurrens,Pleuronichthys,Pleuronectidae,M,NA,NA,transparent,Transparent,None,Brown-White,NA,NA,NA,No,8,533,270.5,NA,NA,NA,NA,NA,NA,0,NA,NA,,216.4818443,15.49706453,-0.444506613
Ompok_bimaculatus,Ompok,Siluridae,NA,B,F,yellow,Yellow-Orange-Amber,Carotenoid,Grey,NA,NA,NA,No,NA,NA,NA,NA,NA,NA,NA,NA,NA,NA,NA,NA,,270.9597921,-39.546755,1.675969618
Arius_maculatus,Arius,Ariidae,M,B,F,yellow,Yellow-Orange-Amber,Carotenoid,Grey,NA,NA,NA,No,50,100,75,NA,NA,NA,NA,NA,NA,2,NA,NA,,206.5787872,25.754376,0.498224572
Makaira_mazara,Makaira,Istiophoridae,M,NA,NA,transparent,Transparent,None,Blue-Grey,NA,NA,NA,No,0,0,0,NA,NA,NA,NA,NA,NA,0,NA,NA,,257.1432304,-26.0247785,-1.176481544
Spicara_smaris,Spicara,Sparidae,M,NA,NA,transparent yolk,Transparent,None,Blue-Grey,NA,NA,NA,No,15,328,171.5,19.55745908,235.1437374,0.14979231,15.32493358,37.85488808,37.85488808,1,-3.646897858,-1.240929018,,236.2095164,-4.391872734,0.553983001
Paramonacanthus_japonicus,Paramonacanthus,Monacanthidae,M,NA,NA,transparent,Transparent,None,Brown,NA,NA,NA,No,34,46,40,28.09004722,202.7164569,0.155280797,114.7567103,0.462954835,0.462954835,1,29.80150802,1.112308152,,284.6624291,-53.67852946,0.694013425
Bairdiella_chrysoura,Bairdiella,Sciaenidae,M,B,F,clear,Transparent,None,Grey,NA,NA,NA,No,NA,NA,NA,22.73713397,222.2735067,0.366050709,-83.0174934,31.36407019,31.36407019,0,9.590141298,-0.510199896,,205.6923024,26.66831442,0.560118091
Nuchequula_nuchalis,Nuchequula,Leiognathidae,M,B,NA,transparent,Transparent,None,Grey-Yellow,NA,NA,NA,No,NA,NA,NA,NA,NA,NA,NA,NA,NA,0,NA,NA,,227.6787035,3.92223897,-1.391155111
Prognathodes_aculeatus,Prognathodes,Chaetodontidae,M,NA,NA,transparent,Transparent,None,Orange-White,NA,NA,NA,No,1,100,50.5,27.52582789,202.848166,0.080911246,-76.29625978,17.60712067,17.60712067,0,29.56716863,0.582425346,,201.4387213,31.05781843,0.879254467
Dactylopterus_volitans,Dactylopterus,Dactylopteridae,M,B,NA,transparent,Transparent,None,Blue-Brown-Yellow,NA,NA,NA,No,1,100,50.5,NA,NA,NA,NA,NA,NA,0,NA,NA,,213.9302582,18.3823453,1.079190932
Lactoria_diaphana,Lactoria,Ostraciidae,M,B,NA,colourless,Transparent,None,Brown-Grey,NA,NA,NA,No,8,50,29,NA,NA,NA,NA,NA,NA,0,NA,NA,,206.0457464,26.37710425,0.922078892
Parophrys_vetulus,Parophrys,Pleuronectidae,M,NA,NA,"Thin, transparent envelope",Transparent,None,Brown-White-Yellow,NA,NA,NA,No,0,550,275,NA,NA,NA,NA,NA,NA,0,NA,NA,,216.6249533,15.19692479,-1.260739757
Platichthys_stellatus,Platichthys,Pleuronectidae,M,B,F,orange; yellow envelope,Yellow-Orange-Amber,Carotenoid,Black-Brown-White,NA,NA,NA,No,0,375,187.5,NA,NA,NA,NA,NA,NA,0,NA,NA,,351.8635637,-121.0443083,6.127813406
Sphyraena_borealis,Sphyraena,Sphyraenidae,M,NA,NA,transparent,Transparent,None,Grey,NA,NA,NA,No,10,65,37.5,25.192595,213.8280738,0.230500951,-71.31457912,17.47361333,17.47361333,0,18.34488934,0.331828917,,293.1390425,-62.33053065,0.56250201
Balistes_capriscus,Balistes,Balistidae,M,NA,NA,transparent,Transparent,None,Brown-Green-Grey,NA,NA,NA,No,0,100,50,22.0481474,227.1702239,0.278253259,-69.95931205,16.28830708,16.28830708,1,4.650714442,-0.27652456,,202.6931872,29.86682118,1.332258074
Myoxocephalus_quadricornis,Myoxocephalus,Cottidae,M,B,F,yellow,Yellow-Orange-Amber,Carotenoid,Brown*,NA,NA,NA,No,0,100,50,2.974423589,354.9324868,0.571741015,66.38424951,68.89917119,68.89917119,1,-124.4299299,4.742441288,,237.5297642,-6.077472133,-1.252474447
Hirundichthys_coromandelensis,Hirundichthys,Exocoetidae,M,NA,NA,transparent,Transparent,None,Grey,NA,NA,NA,No,NA,NA,NA,NA,NA,NA,NA,NA,NA,0,NA,NA,,254.3788039,-23.34723819,-1.8948487
Liparis_liparis,Liparis,Liparidae,M,NA,NA,transparent,Transparent,None,Brown,NA,NA,NA,No,1,300,150.5,9.478589125,298.4966927,0.584081733,4.336796253,59.99299064,59.99299064,0,-67.76905497,0.637776011,,208.1433112,24.1261448,0.308390944
Sarda_orientalis,Sarda,Scombridae,M,NA,NA,transparent,Transparent,None,Blue-Grey,NA,NA,NA,No,1,167,84,25.7219539,210.6771336,0.240836969,124.5635832,25.71421507,25.71421507,0,21.53930759,0.265972813,,208.6477572,23.64310061,0.468784056
Pomacanthus_arcuatus,Pomacanthus,Pomacanthidae,M,NA,NA,transparent,Transparent,None,Grey,NA,NA,NA,No,2,30,16,27.12598301,205.1297403,0.146798403,-72.63045591,15.38341111,15.38341111,0,27.25103627,0.613860117,,240.6998172,-9.409128624,-1.808930194
Pegasus_lancifer,Pegasus,Pegasidae,M,B,NA,transparent,Transparent,None,Brown-Grey,NA,NA,NA,No,20,60,40,16.95618591,244.5426638,0.424522439,135.5698953,-37.05724675,37.05724675,0,-13.36562279,-2.048905089,,200.7820498,31.64173377,0.433256236
Acanthurus_nigroris,Acanthurus,Acanthuridae,M,NA,NA,transparent,Transparent,None,Blue-Brown,NA,NA,NA,No,1,90,45.5,25.22716622,210.8806144,0.050165065,-160.2035306,21.90688321,21.90688321,0,21.24736073,-0.182342161,,231.0210313,0.363634925,-2.220309299
Acanthurus_triostegus,Acanthurus,Acanthuridae,M,NA,NA,transparent,Transparent,None,Green-Grey-Yellow,NA,NA,NA,No,0,90,45,27.59742811,203.7472698,0.145191693,124.2814584,3.912836765,3.912836765,0,28.69706482,0.819982922,,230.5447185,1.10890733,-0.843966105
Echeneis_naucrates,Echeneis,Echeneidae,M,B,NA,transparent,Transparent,None,Brown-Grey,NA,NA,NA,No,1,85,43,26.69823044,206.8657466,0.192975531,106.9808634,2.391100394,2.391100394,0,25.46576472,0.51641472,,256.5111564,-25.39987469,-1.27365518
Pegusa_lascaris,Pegusa,Soleidae,M,B,NA,transparent,Transparent,None,Brown,NA,NA,NA,No,5,350,177.5,19.47037553,236.7007861,0.391326992,8.123957302,33.01458986,33.01458986,0,-5.192979416,-1.036928983,,291.6455012,-60.91967724,-0.014470633
Aluterus_schoepfii,Aluterus,Monacanthidae,M,NA,NA,green,Green,Green,Grey-Yellow*,NA,NA,NA,No,3,900,451.5,25.37617689,213.051351,0.24854852,-71.02420758,17.88587408,17.88587408,0,19.14220326,0.367761106,,242.0823037,-10.86148405,-2.048394436
Serranus_cabrilla,Serranus,Serranidae,M,NA,NA,transparent,Transparent,None,Brown-White,NA,NA,NA,No,5,500,252.5,20.76408015,230.3519568,0.242092973,9.646649567,32.82123762,32.82123762,0,1.285687496,-0.946484709,,201.1033754,31.53965858,1.621786571
Neoclinus_blanchardi,Neoclinus,Chaenopsidae,M,NA,NA,clear,Transparent,None,Blue-Brown-Green-Grey-Red-Yellow,Benthic,0,1,No,3,73,38,16.74950207,248.4199322,0.749644989,-118.0710457,31.76474885,31.76474885,1,-17.21369084,-1.530927557,,205.624138,26.7257197,0.496879212
Orthopristis_chrysoptera,Orthopristis,Haemulidae,M,B,NA,transparent,Transparent,None,Blue-Brown,NA,NA,NA,No,NA,NA,NA,24.44828133,214.4681144,0.263035922,-86.7284393,27.46536456,27.46536456,0,17.57759392,-0.280472115,,292.8595728,-62.14857423,0.021084621
Polydactylus_oligodon,Polydactylus,Polynemidae,M,B,NA,transparent,Transparent,None,Grey,Pelagic,2,2,No,NA,NA,NA,27.36648539,204.7538629,0.189528642,-52.51925741,-0.078794929,0.078794929,0,27.66508289,0.780265088,,220.4340706,11.51242688,-0.245017442
Holacanthus_tricolor,Holacanthus,Pomacanthidae,M,NA,NA,transparent,Transparent,None,Black-Yellow,NA,NA,NA,No,3,92,47.5,27.1085411,205.1937236,0.148941937,-72.50153368,15.2136431,15.2136431,0,27.18492546,0.608621453,,239.2815467,-7.842866629,-1.160069328
Stephanolepis_hispidus,Stephanolepis,Monacanthidae,M,NA,NA,green,Green,Green,Yellow,NA,NA,NA,No,0,293,146.5,24.81903283,215.9409172,0.276985257,-70.06544738,15.82427131,15.82427131,0,16.19943224,0.357709011,,228.0000152,3.554778117,-1.604839764
Solea_ovata,Solea,Soleidae,M,NA,NA,yellow; orange; amber,Yellow-Orange-Amber,Carotenoid,Grey,NA,NA,NA,No,NA,NA,NA,NA,NA,NA,NA,NA,NA,0,NA,NA,,200.745033,31.84008016,1.282153683
Ophidion_scrippsae,Ophidion,Ophidiidae,M,NA,NA,transparent,Transparent,None,Brown-Grey,Pelagic,2,2,No,0,110,55,16.03265376,251.2771918,0.793722613,-119.2672811,33.28514302,33.28514302,0,-20.15441905,-1.703905988,,202.4726376,30.06216314,1.178387591
Epinephelus_coioides,Epinephelus,Serranidae,M,B,NA,transparent,Transparent,None,Tan,NA,NA,NA,No,1,0,0.5,27.95263592,202.8016391,0.188024559,122.9714216,0.29979598,0.29979598,0,29.6922574,0.993135275,,206.4495012,25.87896419,0.461276707
Bathymaster_derjugini,Bathymaster,Bathymasteridae,M,NA,NA,white,White,Guanine,Grey,NA,NA,NA,No,0,65,32.5,6.559793682,314.9060771,0.709802926,151.7736774,47.37615601,47.37615601,1,-84.43499297,0.821552045,,208.4761761,23.71365213,-0.081091141
Pseudogramma_polyacantha,Pseudogramma,Serranidae,M,NA,NA,red,Red,Carotenoid,Brown,NA,NA,NA,No,1,65,33,28.20886122,201.4915695,0.12956081,128.9095895,-1.410306626,1.410306626,0,31.02712361,1.0012571,,226.1528123,5.880114683,0.748061083
Anchoa_lyolepis,Anchoa,Engraulidae,M,NA,NA,transparent,Transparent,None,Grey,NA,NA,NA,No,1,54,27.5,26.54302103,207.6261643,0.203109983,-70.03527196,14.81820952,14.81820952,0,24.68974789,0.505327804,,199.0302379,33.41101478,0.361227052
Alosa_aestivalis,Alosa,Clupeidae,M,B,F,yellow; orange; amber,Yellow-Orange-Amber,Carotenoid,Grey,NA,NA,NA,No,5,55,30,14.47473525,267.1144056,0.742275957,-73.27918022,40.04187629,40.04187629,0,-36.00508536,-0.289399564,,269.7138137,-38.88662894,-1.536203102
Cynoscion_nebulosus,Cynoscion,Sciaenidae,M,B,NA,transparent,Transparent,None,Black-Grey,NA,NA,NA,No,NA,NA,NA,24.23204561,215.38989,0.279384544,-85.54962446,28.56178267,28.56178267,0,16.63168495,-0.321513023,,209.8006496,22.39450114,0.071269736
Lactoria_fornasini,Lactoria,Ostraciidae,M,NA,NA,colourless,Transparent,None,Brown-Green-Yellow,NA,NA,NA,No,5,132,68.5,NA,NA,NA,NA,NA,NA,0,NA,NA,,215.8142644,16.17992034,-0.42641893
Gobius_niger,Gobius,Gobiidae,M,B,NA,transparent,Transparent,None,Brown,Demersal,1,0,No,1,96,48.5,16.20889143,260.6362339,0.319294799,12.74303748,47.98108767,47.98108767,1,-29.31742157,0.209758959,,248.1883227,-16.94817456,-1.373509982
Balistapus_undulatus,Balistapus,Balistidae,M,NA,NA,transparent,Transparent,None,Brown-Green-Orange,Demersal,1,0,No,2,50,26,NA,NA,NA,NA,NA,NA,1,NA,NA,,204.4197531,27.97851797,0.639691548
Diodon_hystrix,Diodon,Diodontidae,M,NA,NA,clear,Transparent,None,Black-Grey-Tan,NA,NA,NA,No,2,50,26,27.14980941,205.2235081,0.172245525,105.856647,0.628973744,0.628973744,0,27.16333521,0.65470888,,249.7508956,-18.5360596,-1.360669948
Caesio_caerulaurea,Caesio,Caesionidae,M,NA,NA,transparent,Transparent,None,Blue-Grey-Yellow,Pelagic,2,2,No,1,50,25.5,28.08486374,201.9523668,0.139987493,127.2010173,-1.897938915,1.897938915,0,30.55130491,0.965117209,,232.1575634,-0.741616828,-1.948432153
Opisthonema_oglinum,Opisthonema,Clupeidae,M,NA,NA,clear,Transparent,None,Blue-Grey,NA,NA,NA,No,1,50,25.5,25.6169003,211.5375312,0.233971707,-71.07133123,15.06176292,15.06176292,0,20.67438245,0.322760028,,236.3437608,-4.863603513,-1.216502101
Coris_julis,Coris,Labridae,M,NA,NA,transparent,Transparent,None,Blue-Brown-Green-Orange-White,NA,NA,NA,No,0,120,60,18.62334707,237.6315341,0.205012437,9.930063601,37.88524624,37.88524624,0,-6.265012838,-1.696090113,,211.6415174,20.51734386,0.052216961
Tautoga_onitis,Tautoga,Labridae,M,B,NA,transparent,Transparent,None,Brown-Grey,NA,NA,NA,No,1,75,38,14.41589259,261.2653508,0.66149634,-70.66885339,40.47643612,40.47643612,0,-30.26900789,-1.434964842,,239.3773544,-7.958000825,-1.253191991
Centropyge_argi,Centropyge,Pomacanthidae,M,NA,NA,transparent,Transparent,None,Blue-Orange-Yellow,Pelagic,2,2,No,5,80,42.5,27.14566112,204.9241248,0.120464406,-78.32831823,19.33296587,19.33296587,0,27.45672444,0.594956623,,203.9078323,28.46981435,0.482704564
Fundulus_bermudae,Fundulus,Fundulidae,M,B,F,transparent,Transparent,None,Brown,NA,NA,NA,No,NA,NA,NA,NA,NA,NA,NA,NA,NA,NA,NA,NA,,203.6170799,28.91512272,1.27201305
Photoblepharon_palpebratum,Photoblepharon,Anomalopidae,M,NA,NA,transparent,Transparent,None,Black-Blue,NA,NA,NA,No,0,50,25,NA,NA,NA,NA,NA,NA,0,NA,NA,,203.2633731,29.18692881,0.806119472
Histrio_histrio,Histrio,Antennariidae,M,NA,NA,transparent,Transparent,None,Brown-Yellow,Pelagic,2,2,No,0,50,25,25.74581943,212.3006122,0.222626483,108.5506479,3.394837362,3.394837362,0,19.94858818,0.59134044,,200.9073558,31.60686026,0.922801909
Bagre_marinus,Bagre,Ariidae,M,B,NA,golden yellow,Yellow-Orange-Amber,Carotenoid,Grey,Demersal,1,0,No,0,50,25,25.97214313,209.8275401,0.252403635,-72.31995727,15.59969904,15.59969904,2,22.42060799,0.353798636,,201.0323365,31.52497454,1.162213774
Pterocaesio_digramma,Pterocaesio,Caesionidae,M,NA,NA,transparent,Transparent,None,Blue-Grey-Yellow,Pelagic,2,2,No,0,50,25,27.86446444,203.147548,0.16765494,128.851885,-0.969687591,0.969687591,0,29.33598548,0.970830611,,317.0893877,-86.38297041,2.269714284
Trachurus_trachurus,Trachurus,Carangidae,M,NA,NA,yellow,Yellow-Orange-Amber,Carotenoid,Blue-Grey,NA,NA,NA,No,0,50,25,18.61384352,239.4657523,0.360818201,3.011041329,35.49600743,35.49600743,0,-8.06900123,-1.364318199,,205.600128,26.79095328,0.712427967
Brevoortia_tyrannus,Brevoortia,Clupeidae,M,B,NA,transparent,Transparent,None,Grey,Pelagic,2,2,No,0,50,25,15.0805732,260.8061954,0.563090491,-70.08334696,39.96754742,39.96754742,0,-29.69425157,-0.867268472,,202.5955072,29.84790833,0.707087943
Escualosa_thoracata,Escualosa,Clupeidae,M,B,F,yellow,Yellow-Orange-Amber,Carotenoid,Grey,NA,NA,NA,No,0,50,25,28.47074239,202.066293,0.177984009,116.0175882,0.817350954,0.817350954,0,30.51112798,1.365451228,,211.0944054,21.08365914,0.102354816
Anchoa_hepsetus,Anchoa,Engraulidae,M,B,NA,transparent,Transparent,None,Green-Grey,NA,NA,NA,No,1,70,35.5,25.81004207,211.3360497,0.262161355,-70.69315177,12.73095351,12.73095351,0,20.90826777,0.475062991,,257.1273743,-25.93308094,-0.777267663
Cetengraulis_edentulus,Cetengraulis,Engraulidae,M,B,NA,Translucent,Transparent,None,Green-Grey,NA,NA,NA,No,NA,NA,NA,27.45227056,204.0371279,0.166996037,-65.25457339,8.060393506,8.060393506,0,28.38526822,0.731262516,,212.8830977,19.22854791,-0.080778279
Stolephorus_baganensis,Stolephorus,Engraulidae,M,B,NA,transparent,Transparent,None,Grey,NA,NA,NA,No,0,0,0,28.92422199,202.3527115,0.172408457,105.9951655,3.339419796,3.339419796,0,30.31403957,1.864285329,,213.3708701,18.75059263,0.016844159
Thryssa_hamiltonii,Thryssa,Engraulidae,M,B,NA,transparent,Transparent,None,Grey-Yellow,NA,NA,NA,No,10,13,11.5,28.25746379,202.668607,0.189357942,111.0064238,5.362058289,5.362058289,0,29.87965767,1.267905559,,216.6821624,15.38441722,0.037484238
Lutjanus_kasmira,Lutjanus,Lutjanidae,M,NA,NA,transparent,Transparent,None,Grey-Yellow,NA,NA,NA,No,3,65,34,27.74417573,202.9489782,0.145038549,126.4404626,0.268023079,0.268023079,0,29.50872122,0.815712249,,218.5159046,13.43610572,-0.395820988
Syngnathus_louisianae,Syngnathus,Syngnathidae,M,NA,NA,yellow; orange; amber,Yellow-Orange-Amber,Carotenoid,Tan-White,NA,NA,NA,No,NA,NA,NA,24.73915625,213.5641066,0.245396102,-86.23221213,27.80385336,27.80385336,2,18.5199257,-0.162789778,,265.0345917,-33.98482601,-0.799143655
Alosa_sapidissima,Alosa,Clupeidae,M,B,F,transparent,Transparent,None,Blue-Green-Grey,NA,NA,NA,No,NA,NA,NA,NA,NA,NA,NA,NA,NA,NA,NA,NA,,212.8538678,19.27143539,-0.011361571
Acipenser_oxyrinchus,Acipenser,Acipenseridae,M,B,F,yellow; orange; amber,Yellow-Orange-Amber,Carotenoid,Black-Bluish,NA,NA,NA,No,1,46,23.5,11.8160391,289.6171614,0.799390479,-69.33116697,43.94107579,43.94107579,0,-58.60972772,1.283123115,,,,
Dascyllus_marginatus,Dascyllus,Pomacentridae,M,NA,NA,translucent,Transparent,None,Black-White-Yellow,Pelagic,2,2,No,1,15,8,NA,NA,NA,NA,NA,NA,1,NA,NA,,,,
Acanthurus_bahianus,Acanthurus,Acanthuridae,M,NA,NA,transparent,Transparent,None,Blue-Grey-Yellow,NA,NA,NA,No,2,40,21,26.18842381,206.6505607,0.136388404,-37.77106405,-12.56290561,12.56290561,0,25.58238802,-0.024516678,,,,
Thunnus_alalunga,Thunnus,Scombridae,M,NA,NA,transparent,Transparent,None,Blue-Grey,NA,NA,NA,No,0,0,0,23.1840371,220.9055684,0.149416322,58.92835602,1.420262938,1.420262938,0,11.01732708,-0.325488382,,,,
Siganus_canaliculatus,Siganus,Siganidae,M,B,NA,transparent,Transparent,None,Brown-Grey,NA,NA,NA,No,1,50,25.5,28.1647859,202.3877239,0.169915098,118.0438529,-0.081442947,0.081442947,0,30.13840557,1.124608548,,,,
Ciliata_septentrionalis,Ciliata,Lotidae,M,B,NA,yellow; orange; amber,Yellow-Orange-Amber,Carotenoid,Grey,NA,NA,NA,No,10,90,50,10.05303746,282.954314,0.656694509,3.991208389,60.93365922,60.93365922,0,-52.39097649,-1.688213852,,,,
Chaetodipterus_zonatus,Chaetodipterus,Ephippidae,M,NA,NA,transparent,Transparent,None,Black-Grey,NA,NA,NA,No,3,50,26.5,23.90019216,216.4818443,0.49472323,-96.12389682,13.39230906,13.39230906,0,15.49706453,-0.444506613,,,,
Pseudophallus_mindii,Pseudophallus,Syngnathidae,NA,B,F,yellow; orange; amber,Yellow-Orange-Amber,Carotenoid,Brown,NA,NA,NA,No,NA,NA,NA,15.74717484,270.9597921,0.312606077,-40.95541741,77.74880833,77.74880833,2,-39.546755,1.675969618,,,,
Dorosoma_cepedianum,Dorosoma,Clupeidae,M,B,F,yellow; orange; amber,Yellow-Orange-Amber,Carotenoid,Grey,NA,NA,NA,No,0,33,16.5,NA,NA,NA,NA,NA,NA,0,NA,NA,,,,
Haemulon_plumierii,Haemulon,Haemulidae,M,NA,NA,transparent,Transparent,None,Blue-Grey-Yellow,Demersal,1,0,No,3,40,21.5,26.73403067,206.5787872,0.175522073,-71.96430541,14.99202636,14.99202636,0,25.754376,0.498224572,,,,
Genyonemus_lineatus,Genyonemus,Sciaenidae,M,NA,NA,transparent envelope,Transparent,None,Brown-Yellow,NA,NA,NA,No,NA,NA,NA,15.45916637,257.1432304,0.870269725,-120.2029356,37.09685469,37.09685469,0,-26.0247785,-1.176481544,,,,
Archosargus_probatocephalus,Archosargus,Sparidae,M,B,NA,transparent,Transparent,None,Black-Grey,NA,NA,NA,No,NA,NA,NA,21.18251657,236.2095164,0.364558381,-65.21798154,23.26995739,23.26995739,0,-4.391872734,0.553983001,,,,
Platichthys_flesus,Platichthys,Pleuronectidae,M,B,F,transparent,Transparent,None,Brown-White,Pelagic,2,2,No,1,100,50.5,12.15426145,284.6624291,0.450327442,17.89361596,58.52310306,58.52310306,0,-53.67852946,0.694013425,,,,
Pomacanthus_paru,Pomacanthus,Pomacanthidae,M,NA,NA,transparent,Transparent,None,Black-Yellow,Demersal,1,0,No,3,100,51.5,26.96480967,205.6923024,0.154414333,-71.1492933,13.43791127,13.43791127,0,26.66831442,0.560118091,,,,
Plotosus_lineatus,Plotosus,Plotosidae,M,B,NA,yellow,Yellow-Orange-Amber,Carotenoid,Black-White,Demersal,1,0,No,1,60,30.5,NA,NA,NA,NA,NA,NA,1,NA,NA,,,,
Chirolophis_ascanii,Chirolophis,Stichaeidae,M,NA,NA,transparent,Transparent,None,Brown,NA,NA,NA,No,10,400,205,NA,NA,NA,NA,NA,NA,1,NA,NA,,,,
Nematalosa_nasus,Nematalosa,Clupeidae,M,B,F,transparent,Transparent,None,Green-Grey,NA,NA,NA,No,0,30,15,25.93388528,213.9302582,0.32993017,98.18676066,23.10465981,23.10465981,0,18.3823453,1.079190932,,,,
Sillago_sihama,Sillago,Sillaginidae,M,B,NA,transparent,Transparent,None,Grey-Tan,NA,NA,NA,No,0,0,0,27.26629984,206.0457464,0.232941406,103.8899504,3.98629554,3.98629554,0,26.37710425,0.922078892,,,,
Gymnocephalus_cernua,Gymnocephalus,Percidae,NA,B,F,white,White,Guanine,Brown-Yellow,Demersal,1,0,No,NA,NA,NA,4.965252734,351.8635637,0.738948061,NA,NA,NA,0,-121.0443083,6.127813406,,,,
Sphoeroides_maculatus,Sphoeroides,Tetraodontidae,M,B,NA,transparent,Transparent,None,Brown-White-Yellow,NA,NA,NA,No,10,183,96.5,10.41603097,293.1390425,0.624339727,-62.29380801,44.72495397,44.72495397,1,-62.33053065,0.56250201,,,,
Oreochromis_niloticus,Oreochromis,Cichlidae,NA,B,F,yellow; orange; amber,Yellow-Orange-Amber,Carotenoid,Grey,NA,NA,NA,No,NA,NA,NA,NA,NA,NA,NA,NA,NA,NA,NA,NA,,,,
Thryssa_mystax,Thryssa,Engraulidae,M,B,NA,transparent,Transparent,None,Grey-Yellow,NA,NA,NA,No,0,50,25,28.3183065,202.6931872,0.186742593,112.0318516,4.152249042,4.152249042,1,29.86682118,1.332258074,,,,
Sciaena_umbra,Sciaena,Sciaenidae,M,B,NA,transparent,Transparent,None,Brown-Grey,NA,NA,NA,No,1,200,100.5,19.094101,237.5297642,0.231594282,11.92009754,38.29527883,38.29527883,0,-6.077472133,-1.252474447,,,,
Chaetodon_capistratus,Chaetodon,Chaetodontidae,M,NA,NA,transparent,Transparent,None,Grey-Yellow,NA,NA,NA,No,2,20,11,26.24470635,208.1433112,0.162700978,-79.10310198,21.61455206,21.61455206,0,24.1261448,0.308390944,,,,
Zebrasoma_xanthurum,Zebrasoma,Acanthuridae,M,NA,NA,transparent,Transparent,None,Blue-Yellow,NA,NA,NA,No,0,20,10,27.76506799,200.7820498,0.201629199,48.5301617,20.80412055,20.80412055,0,31.64173377,0.433256236,,,,
Arius_subrostratus,Arius,Ariidae,M,B,NA,yellow,Yellow-Orange-Amber,Carotenoid,Grey,Demersal,1,0,No,0,20,10,NA,NA,NA,NA,NA,NA,2,NA,NA,,,,
Hirundichthys_rondeletii,Hirundichthys,Exocoetidae,M,NA,NA,transparent,Transparent,None,Black-Grey,NA,NA,NA,No,NA,NA,NA,19.34100273,231.0210313,0.815757542,-74.98899922,-21.1967495,21.1967495,0,0.363634925,-2.220309299,,,,
Umbrina_roncador,Umbrina,Sciaenidae,M,NA,NA,transparent,Transparent,None,Grey-Yellow,Pelagic,2,2,No,10,60,35,20.83193454,230.5447185,0.324552261,-114.207387,28.27636082,28.27636082,0,1.10890733,-0.843966105,,,,
Sarda_chiliensis,Sarda,Scombridae,M,NA,NA,"clear, pinkish",Pink,Carotenoid,Grey,NA,NA,NA,No,0,100,50,15.47990129,256.5111564,0.602217361,-129.4742529,46.99487106,46.99487106,0,-25.39987469,-1.27365518,,,,
Xiphister_mucosus,Xiphister,Stichaeidae,M,NA,NA,white envelope,White,Guanine,Black-Grey,Benthic,0,1,No,0,18,9,10.11149988,291.6455012,1.130860794,NA,NA,NA,1,-60.91967724,-0.014470633,,,,
Leuresthes_tenuis,Leuresthes,Atherinopsidae,M,NA,NA,yellow-green to orange,Yellow-Orange-Amber,Carotenoid,Grey,Pelagic,2,2,No,0,18,9,NA,NA,NA,NA,NA,NA,0,NA,NA,,,,
Parablennius_tentacularis,Parablennius,Blenniidae,M,B,NA,yellow; orange; amber,Yellow-Orange-Amber,Carotenoid,Brown*-White,Demersal,1,0,No,3,15,9,18.85658362,239.2815467,0.178275644,15.926076,40.00934589,40.00934589,1,-7.842866629,-1.160069328,,,,
Astroscopus_guttatus,Astroscopus,Uranoscopidae,M,NA,NA,transparent,Transparent,None,Brown-White,NA,NA,NA,No,NA,NA,NA,20.53919276,228.0000152,0.59480098,-76.70044175,35.18323141,35.18323141,0,3.554778117,-1.604839764,,,,
Muraenolepis_microps,Muraenolepis,Muraenolepididae,M,NA,NA,yellow; orange; amber,Yellow-Orange-Amber,Carotenoid,Brown-Grey,NA,NA,NA,No,10,1600,805,NA,NA,NA,NA,NA,NA,0,NA,NA,,,,
Syngnathus_schlegeli,Syngnathus,Syngnathidae,M,B,NA,yellow; orange; amber,Yellow-Orange-Amber,Carotenoid,Brown,Benthic,0,1,No,NA,NA,NA,NA,NA,NA,NA,NA,NA,2,NA,NA,,,,
Encrasicholina_heteroloba,Encrasicholina,Engraulidae,M,NA,NA,transparent,Transparent,None,Green-Grey,NA,NA,NA,No,20,0,10,28.20344798,202.4726376,0.192367637,108.5829402,5.316797848,5.316797848,0,30.06216314,1.178387591,,,,
Oreochromis_mossambicus,Oreochromis,Cichlidae,NA,B,F,yellow; orange; amber,Yellow-Orange-Amber,Carotenoid,Grey,NA,NA,NA,No,1,12,6.5,NA,NA,NA,NA,NA,NA,2,NA,NA,,,,
Chilomycterus_schoepfii,Chilomycterus,Diodontidae,M,NA,NA,transparent,Transparent,None,Brown-Pink-Yellow,NA,NA,NA,No,1,11,6,23.28349121,226.1528123,0.39848898,-75.56352889,34.88556117,34.88556117,0,5.880114683,0.748061083,,,,
Channa_striata,Channa,Channidae,NA,B,F,yellow; orange,Yellow-Orange-Amber,Carotenoid,Brown-White*,Pelagic,2,2,No,1,10,5.5,NA,NA,NA,NA,NA,NA,1,NA,NA,,,,
Nerophis_lumbriciformis,Nerophis,Syngnathidae,M,NA,NA,yellow; orange; amber,Yellow-Orange-Amber,Carotenoid,Brown-Green,NA,NA,NA,No,0,30,15,12.71380084,269.7138137,0.594453907,-2.496225256,53.02726366,53.02726366,2,-38.88662894,-1.536203102,,,,
Syngnathus_floridae,Syngnathus,Syngnathidae,M,NA,NA,yellow; orange; amber,Yellow-Orange-Amber,Carotenoid,Brown-White,Benthic,0,1,No,NA,NA,NA,25.68968774,209.8006496,0.187260958,-86.21528103,24.85362754,24.85362754,2,22.39450114,0.071269736,,,,
Scomberomorus_maculatus,Scomberomorus,Scombridae,M,B,NA,transparent,Transparent,None,Blue-Grey,NA,NA,NA,No,10,35,22.5,24.04495505,215.8142644,0.265351939,-84.86532989,29.11110695,29.11110695,0,16.17992034,-0.42641893,,,,
Syngnathus_acus,Syngnathus,Syngnathidae,M,B,NA,yellow; orange; amber,Yellow-Orange-Amber,Carotenoid,Brown,NA,NA,NA,No,0,10,5,16.6708686,249.7508956,0.392444784,8.217451137,46.7585177,46.7585177,2,-18.5360596,-1.360669948,,,,
Coryphaena_hippurus,Coryphaena,Coryphaenidae,M,B,NA,transparent,Transparent,None,Blue-Green-Yellow,NA,NA,NA,No,0,5,2.5,25.32187227,211.6415174,0.132490121,-85.76278199,3.867054489,3.867054489,0,20.51734386,0.052216961,,,,
Ilypnus_gilberti,Ilypnus,Gobiidae,M,NA,NA,yellow; orange; amber,Yellow-Orange-Amber,Carotenoid,Brown*-Grey,NA,NA,NA,No,NA,NA,NA,18.74367393,239.3773544,0.558546046,-116.6915141,31.24018705,31.24018705,1,-7.958000825,-1.253191991,,,,
Eubleekeria_splendens,Eubleekeria,Leiognathidae,M,B,NA,translucent,Transparent,None,Grey-Yellow,NA,NA,NA,No,10,100,55,28.082125,203.6170799,0.257096914,116.0072794,2.864431536,2.864431536,0,28.91512272,1.27201305,,,,
Lethrinus_nebulosus,Lethrinus,Lethrinidae,M,B,NA,transparent,Transparent,None,Blue-Brown-Yellow,Pelagic,2,2,No,10,75,42.5,27.67490654,203.2633731,0.171305835,128.0293035,-1.063891488,1.063891488,0,29.18692881,0.806119472,,,,
Cottus_gobio,Cottus,Cottidae,NA,B,F,yellow; orange; amber,Yellow-Orange-Amber,Carotenoid,Brown-Tan*,NA,NA,NA,No,2,2,2,NA,NA,NA,NA,NA,NA,1,NA,NA,,,,
Corythoichthys_amplexus,Corythoichthys,Syngnathidae,M,NA,NA,yellow; orange; amber,Yellow-Orange-Amber,Carotenoid,Brown-White*,Benthic,0,1,No,0,31,15.5,28.45959544,201.0323365,0.133431389,133.2137021,-3.429505154,3.429505154,2,31.52497454,1.162213774,,,,
Pseudobalistes_flavimarginatus,Pseudobalistes,Balistidae,M,B,NA,transparent,Transparent,None,Blue-Grey-Yellow,Demersal,1,0,No,2,0,1,NA,NA,NA,NA,NA,NA,1,NA,NA,,,,
Diodon_holocanthus,Diodon,Diodontidae,M,NA,NA,clear,Transparent,None,Tan,NA,NA,NA,No,2,0,1,27.13726972,205.600128,0.189326622,106.0355632,0.9138261,0.9138261,0,26.79095328,0.712427967,,,,
Chanos_chanos,Chanos,Chanidae,M,B,NA,yellowish; transparent,Yellow-Orange-Amber,Carotenoid,Grey,Pelagic,2,2,No,1,0,0.5,NA,NA,NA,NA,NA,NA,0,NA,NA,,,,
Leucaspius_delineatus,Leucaspius,Cyprinidae,NA,B,F,transparent,Transparent,None,Grey,NA,NA,NA,No,0,1,0.5,NA,NA,NA,NA,NA,NA,1,NA,NA,,,,
Epinephelus_tauvina,Epinephelus,Serranidae,M,NA,NA,transparent,Transparent,None,Brown-Grey,NA,NA,NA,No,1,0,0.5,27.70052498,202.5955072,0.128279699,147.5196883,-10.06448367,10.06448367,0,29.84790833,0.707087943,,,,
Coryphaena_equiselis,Coryphaena,Coryphaenidae,M,NA,NA,transparent,Transparent,None,Blue-Grey-Yellow,NA,NA,NA,No,0,0,0,25.47645318,211.0944054,0.135886401,-89.54221177,2.146962034,2.146962034,0,21.08365914,0.102354816,,,,
Engraulis_mordax,Engraulis,Engraulidae,M,NA,NA,Transparent,Transparent,None,Grey,Pelagic,2,2,No,0,310,155,15.86846913,257.1273743,0.796613529,-120.9236946,39.86311006,39.86311006,0,-25.93308094,-0.777267663,,,,
Cheilopogon_hubbsi,Cheilopogon,Exocoetidae,M,NA,NA,amber,Yellow-Orange-Amber,Carotenoid,Grey,NA,NA,NA,No,0,20,10,NA,NA,NA,NA,NA,NA,0,NA,NA,,,,
Makaira_nigricans,Makaira,Istiophoridae,M,NA,NA,transparent,Transparent,None,Blue-Grey,Pelagic,2,2,No,0,1000,500,24.95151961,212.8830977,0.124138749,-135.3804916,-3.045977271,3.045977271,0,19.22854791,-0.080778279,,,,
Merluccius_albidus,Merluccius,Merlucciidae,M,NA,NA,transparent,Transparent,None,Brown-Grey,NA,NA,NA,No,80,1170,625,24.95855369,213.3708701,0.187123193,-78.71836421,24.5692135,24.5692135,0,18.75059263,0.016844159,,,,
Auxis_rochei,Auxis,Scombridae,M,B,NA,transparent,Transparent,None,Black-Blue,Pelagic,2,2,No,NA,NA,NA,24.35282585,216.6821624,0.246009968,121.6014758,-2.745139841,2.745139841,0,15.38441722,0.037484238,,,,
Euthynnus_alletteratus,Euthynnus,Scombridae,M,B,NA,transparent,Transparent,None,Blue-Grey,Pelagic,2,2,No,1,150,75.5,23.56475184,218.5159046,0.217060992,2.143980834,25.54334682,25.54334682,0,13.43610572,-0.395820988,,,,
Scomber_scombrus,Scomber,Scombridae,M,B,NA,transparent,Transparent,None,Black-Grey,NA,NA,NA,No,0,1000,500,14.3495912,265.0345917,0.373544845,0.095136559,50.99830777,50.99830777,0,-33.98482601,-0.799143655,,,,
Thunnus_albacares,Thunnus,Scombridae,M,B,NA,clear,Transparent,None,Blue-Grey-Yellow,Pelagic,2,2,No,1,50,25.5,25.02770116,212.8538678,0.133776831,61.39356807,0.171065953,0.171065953,0,19.27143539,-0.011361571,,,,
